Workbook

Sheet README
A1: Formula-Driven Workbook — Trace Guide
A2: HOW TO TRACE | B2: Every computed value is a live formula. Click any cell to see its inputs.
A3: Parameters | B3: Editable yellow cells: SEC by class, EU27 fallback shares, replaceability. Change these and everything recomputes.
A4: Fossil_Shares | B4: Col F: share = Fossil Sum / Total (live). Cols J:K: Country|NACE to share lookup used by Facilities.
A5: Facilities | B5: Col H: SEC via VLOOKUP(class). Col I: fossil share via VLOOKUP(country|nace); falls back to EU27 by NACE if suppressed. Col L: Heat = output × SEC. Col M: Replaceable = Heat × Share × Replace Frac.
A6: Country_Summary | B6: SUMIFS over Facilities filtered to keep=YES. Edit a keep flag or parameter and totals update.
A7: FORMULA CHAIN
A8: Heat Demand | B8: annual_output_t multiplied by SEC (looked up from classification)
A9: Fossil Share | B9: Eurostat country|nace share; if suppressed, EU27 fallback by NACE
A10: Replaceable Heat | B10: Heat Demand multiplied by Fossil Share multiplied by Replaceability Fraction
A11: Country totals | B11: SUMIFS filtered to keep=YES, divided by 1,000,000 to give TWh
A12: FLAGS
A13: keep? = YES/no | B13: Excludes duplicates, closed mills, out-of-EU sites from totals
A14: proxy_capacity = PROXY | B14: Output value shared by 2+ mills = Climate TRACE default, not facility-specific. 35 of 71 kept sites. Verify against company disclosures before trusting site-level results.
A15: FS Source | B15: Eurostat = real country data; EU27 fallback = that country/NACE suppressed
A16: KNOWN LIMITATIONS
A17: Proxy capacity | B17: ~45% of sites share a default output. Largest errors: Nervion (+94%), Saint-Gaudens/Tarascon (+68%). Replace with verified capacity.
A18: Integrated output | B18: Verified NOT double-counted. Setubal, Facture, Figueira match reported paper output.
A19: Tissue SEC | B19: Lowered to 1.5 MWh/t per measured Yankee+hood data.
A20: Totals (current) | B20: 71 kept sites; 20.5 Mt output; 68.3 TWh heat; 15.2 TWh replaceable; 22.3% aggregate fossil share.

Sheet Parameters
A1: PARAMETERS — edit yellow cells to drive all calculations
A3: Thermal SEC by classification (MWh/t)
A4: Classification | B4: SEC (MWh/t)
A5: Pulp | B5: 3.3
A6: Integrated | B6: 5
A7: Paper/Board | B7: 1.3
A8: Tissue | B8: 2.6
A10: EU27 fallback fossil share by NACE
A11: NACE | B11: Fallback share
A12: C17 | B12: 0.2408
A13: C17xP | B13: 0.2686
A14: C1711 | B14: 0.2033
A16: Replaceability fraction
A17: Classification | B17: Replace frac
A18: Pulp | B18: 1
A19: Integrated | B19: 1
A20: Paper/Board | B20: 1
A21: Tissue | B21: 1
A23: Yellow cells are editable. All sheets reference these.

Sheet Fossil_Shares
A1: Eurostat 2023 Fossil Shares (NCV) — components & computed share
A2: Country | B2: Sector | C2: NACE | D2: Total TJ | E2: Fossil Sum TJ | F2: Fossil Share (formula) | G2: Available | H2: Lookup Key | J2: KEY | K2: SHARE
A3: Albania | B3: C17 — All paper & pulp | C3: C17 | E3: 0 | G3: No | H3: =A3&"|"&C3 | J3: =H3 | K3: =IF(ISBLANK(F3),"",F3)
A4: Albania | B4: C17_X_C1711 — Paper excl. pulp | C4: C17xP | E4: 0 | G4: No | H4: =A4&"|"&C4 | J4: =H4 | K4: =IF(ISBLANK(F4),"",F4)
A5: Albania | B5: C1711 — Pulp only | C5: C1711 | E5: 0 | G5: No | H5: =A5&"|"&C5 | J5: =H5 | K5: =IF(ISBLANK(F5),"",F5)
A6: Austria | B6: C17 — All paper & pulp | C6: C17 | D6: 61834.396 | E6: 17366.4 | F6: =E6/D6 | G6: Yes | H6: =A6&"|"&C6 | J6: =H6 | K6: =IF(ISBLANK(F6),"",F6)
A7: Austria | B7: C17_X_C1711 — Paper excl. pulp | C7: C17xP | D7: 9197.39 | E7: 0 | F7: =E7/D7 | G7: Yes | H7: =A7&"|"&C7 | J7: =H7 | K7: =IF(ISBLANK(F7),"",F7)
A8: Austria | B8: C1711 — Pulp only | C8: C1711 | D8: 52637.006 | E8: 17366.4 | F8: =E8/D8 | G8: Yes | H8: =A8&"|"&C8 | J8: =H8 | K8: =IF(ISBLANK(F8),"",F8)
A9: Belgium | B9: C17 — All paper & pulp | C9: C17 | D9: 22562.816 | E9: 883.4 | F9: =E9/D9 | G9: Yes | H9: =A9&"|"&C9 | J9: =H9 | K9: =IF(ISBLANK(F9),"",F9)
A10: Belgium | B10: C17_X_C1711 — Paper excl. pulp | C10: C17xP | E10: 640.2 | G10: No | H10: =A10&"|"&C10 | J10: =H10 | K10: =IF(ISBLANK(F10),"",F10)
A11: Belgium | B11: C1711 — Pulp only | C11: C1711 | E11: 243.2 | G11: No | H11: =A11&"|"&C11 | J11: =H11 | K11: =IF(ISBLANK(F11),"",F11)
A12: Bulgaria | B12: C17 — All paper & pulp | C12: C17 | E12: 914 | G12: No | H12: =A12&"|"&C12 | J12: =H12 | K12: =IF(ISBLANK(F12),"",F12)
A13: Bulgaria | B13: C17_X_C1711 — Paper excl. pulp | C13: C17xP | E13: 11.3 | G13: No | H13: =A13&"|"&C13 | J13: =H13 | K13: =IF(ISBLANK(F13),"",F13)
A14: Bulgaria | B14: C1711 — Pulp only | C14: C1711 | E14: 0 | G14: No | H14: =A14&"|"&C14 | J14: =H14 | K14: =IF(ISBLANK(F14),"",F14)
A15: Croatia | B15: C17 — All paper & pulp | C15: C17 | D15: 1987.634 | E15: 1091 | F15: =E15/D15 | G15: Yes | H15: =A15&"|"&C15 | J15: =H15 | K15: =IF(ISBLANK(F15),"",F15)
A16: Croatia | B16: C17_X_C1711 — Paper excl. pulp | C16: C17xP | D16: 1987.634 | E16: 1091 | F16: =E16/D16 | G16: Yes | H16: =A16&"|"&C16 | J16: =H16 | K16: =IF(ISBLANK(F16),"",F16)
A17: Croatia | B17: C1711 — Pulp only | C17: C1711 | D17: 0 | E17: 0 | G17: Yes | H17: =A17&"|"&C17 | J17: =H17 | K17: =IF(ISBLANK(F17),"",F17)
A18: Cyprus | B18: C17 — All paper & pulp | C18: C17 | D18: 19.948 | E18: 8.6 | F18: =E18/D18 | G18: Yes | H18: =A18&"|"&C18 | J18: =H18 | K18: =IF(ISBLANK(F18),"",F18)
A19: Cyprus | B19: C17_X_C1711 — Paper excl. pulp | C19: C17xP | D19: 19.854 | E19: 8.6 | F19: =E19/D19 | G19: Yes | H19: =A19&"|"&C19 | J19: =H19 | K19: =IF(ISBLANK(F19),"",F19)
A20: Cyprus | B20: C1711 — Pulp only | C20: C1711 | D20: 0.094 | E20: 0 | F20: =E20/D20 | G20: Yes | H20: =A20&"|"&C20 | J20: =H20 | K20: =IF(ISBLANK(F20),"",F20)
A21: Czechia | B21: C17 — All paper & pulp | C21: C17 | E21: 5206.2 | G21: No | H21: =A21&"|"&C21 | J21: =H21 | K21: =IF(ISBLANK(F21),"",F21)
A22: Czechia | B22: C17_X_C1711 — Paper excl. pulp | C22: C17xP | E22: 1674.6 | G22: No | H22: =A22&"|"&C22 | J22: =H22 | K22: =IF(ISBLANK(F22),"",F22)
A23: Czechia | B23: C1711 — Pulp only | C23: C1711 | E23: 0 | G23: No | H23: =A23&"|"&C23 | J23: =H23 | K23: =IF(ISBLANK(F23),"",F23)
A24: Denmark | B24: C17 — All paper & pulp | C24: C17 | D24: 2282.649 | E24: 1110.8 | F24: =E24/D24 | G24: Yes | H24: =A24&"|"&C24 | J24: =H24 | K24: =IF(ISBLANK(F24),"",F24)
A25: Denmark | B25: C17_X_C1711 — Paper excl. pulp | C25: C17xP | D25: 2282.649 | E25: 1110.8 | F25: =E25/D25 | G25: Yes | H25: =A25&"|"&C25 | J25: =H25 | K25: =IF(ISBLANK(F25),"",F25)
A26: Denmark | B26: C1711 — Pulp only | C26: C1711 | D26: 0 | E26: 0 | G26: Yes | H26: =A26&"|"&C26 | J26: =H26 | K26: =IF(ISBLANK(F26),"",F26)
A27: Estonia | B27: C17 — All paper & pulp | C27: C17 | D27: 1746.264 | E27: 420.4 | F27: =E27/D27 | G27: Yes | H27: =A27&"|"&C27 | J27: =H27 | K27: =IF(ISBLANK(F27),"",F27)
A28: Estonia | B28: C17_X_C1711 — Paper excl. pulp | C28: C17xP | D28: 828.94 | E28: 121.1 | F28: =E28/D28 | G28: Yes | H28: =A28&"|"&C28 | J28: =H28 | K28: =IF(ISBLANK(F28),"",F28)
A29: Estonia | B29: C1711 — Pulp only | C29: C1711 | D29: 917.323 | E29: 299.3 | F29: =E29/D29 | G29: Yes | H29: =A29&"|"&C29 | J29: =H29 | K29: =IF(ISBLANK(F29),"",F29)
A30: Finland | B30: C17 — All paper & pulp | C30: C17 | D30: 212799.21 | E30: 18002.6 | F30: =E30/D30 | G30: Yes | H30: =A30&"|"&C30 | J30: =H30 | K30: =IF(ISBLANK(F30),"",F30)
A31: Finland | B31: C17_X_C1711 — Paper excl. pulp | C31: C17xP | D31: 103077.95 | E31: 11307.1 | F31: =E31/D31 | G31: Yes | H31: =A31&"|"&C31 | J31: =H31 | K31: =IF(ISBLANK(F31),"",F31)
A32: Finland | B32: C1711 — Pulp only | C32: C1711 | D32: 109721.26 | E32: 6695.5 | F32: =E32/D32 | G32: Yes | H32: =A32&"|"&C32 | J32: =H32 | K32: =IF(ISBLANK(F32),"",F32)
A33: France | B33: C17 — All paper & pulp | C33: C17 | D33: 73551.671 | E33: 24104.5 | F33: =E33/D33 | G33: Yes | H33: =A33&"|"&C33 | J33: =H33 | K33: =IF(ISBLANK(F33),"",F33)
A34: France | B34: C17_X_C1711 — Paper excl. pulp | C34: C17xP | D34: 51435.385 | E34: 22445.7 | F34: =E34/D34 | G34: Yes | H34: =A34&"|"&C34 | J34: =H34 | K34: =IF(ISBLANK(F34),"",F34)
A35: France | B35: C1711 — Pulp only | C35: C1711 | D35: 22116.286 | E35: 0 | F35: =E35/D35 | G35: Yes | H35: =A35&"|"&C35 | J35: =H35 | K35: =IF(ISBLANK(F35),"",F35)
A36: Germany | B36: C17 — All paper & pulp | C36: C17 | D36: 181262.16 | E36: 69138 | F36: =E36/D36 | G36: Yes | H36: =A36&"|"&C36 | J36: =H36 | K36: =IF(ISBLANK(F36),"",F36)
A37: Germany | B37: C17_X_C1711 — Paper excl. pulp | C37: C17xP | D37: 162640.72 | E37: 66843.9 | F37: =E37/D37 | G37: Yes | H37: =A37&"|"&C37 | J37: =H37 | K37: =IF(ISBLANK(F37),"",F37)
A38: Germany | B38: C1711 — Pulp only | C38: C1711 | D38: 18621.441 | E38: 2294.1 | F38: =E38/D38 | G38: Yes | H38: =A38&"|"&C38 | J38: =H38 | K38: =IF(ISBLANK(F38),"",F38)
A39: Greece | B39: C17 — All paper & pulp | C39: C17 | E39: 942.1 | G39: No | H39: =A39&"|"&C39 | J39: =H39 | K39: =IF(ISBLANK(F39),"",F39)
A40: Greece | B40: C17_X_C1711 — Paper excl. pulp | C40: C17xP | E40: 942.1 | G40: No | H40: =A40&"|"&C40 | J40: =H40 | K40: =IF(ISBLANK(F40),"",F40)
A41: Greece | B41: C1711 — Pulp only | C41: C1711 | E41: 0 | G41: No | H41: =A41&"|"&C41 | J41: =H41 | K41: =IF(ISBLANK(F41),"",F41)
A42: Hungary | B42: C17 — All paper & pulp | C42: C17 | D42: 9160.272 | E42: 2795.4 | F42: =E42/D42 | G42: Yes | H42: =A42&"|"&C42 | J42: =H42 | K42: =IF(ISBLANK(F42),"",F42)
A43: Hungary | B43: C17_X_C1711 — Paper excl. pulp | C43: C17xP | D43: 8610.28 | E43: 2685.9 | F43: =E43/D43 | G43: Yes | H43: =A43&"|"&C43 | J43: =H43 | K43: =IF(ISBLANK(F43),"",F43)
A44: Hungary | B44: C1711 — Pulp only | C44: C1711 | D44: 549.992 | E44: 109.5 | F44: =E44/D44 | G44: Yes | H44: =A44&"|"&C44 | J44: =H44 | K44: =IF(ISBLANK(F44),"",F44)
A45: Ireland | B45: C17 — All paper & pulp | C45: C17 | D45: 205.417 | E45: 96.4 | F45: =E45/D45 | G45: Yes | H45: =A45&"|"&C45 | J45: =H45 | K45: =IF(ISBLANK(F45),"",F45)
A46: Ireland | B46: C17_X_C1711 — Paper excl. pulp | C46: C17xP | D46: 205.417 | E46: 96.4 | F46: =E46/D46 | G46: Yes | H46: =A46&"|"&C46 | J46: =H46 | K46: =IF(ISBLANK(F46),"",F46)
A47: Ireland | B47: C1711 — Pulp only | C47: C1711 | D47: 0 | E47: 0 | G47: Yes | H47: =A47&"|"&C47 | J47: =H47 | K47: =IF(ISBLANK(F47),"",F47)
A48: Italy | B48: C17 — All paper & pulp | C48: C17 | D48: 82726.435 | E48: 57652.2 | F48: =E48/D48 | G48: Yes | H48: =A48&"|"&C48 | J48: =H48 | K48: =IF(ISBLANK(F48),"",F48)
A49: Italy | B49: C17_X_C1711 — Paper excl. pulp | C49: C17xP | D49: 40388.192 | E49: 15793.8 | F49: =E49/D49 | G49: Yes | H49: =A49&"|"&C49 | J49: =H49 | K49: =IF(ISBLANK(F49),"",F49)
A50: Italy | B50: C1711 — Pulp only | C50: C1711 | D50: 42338.243 | E50: 41858.4 | F50: =E50/D50 | G50: Yes | H50: =A50&"|"&C50 | J50: =H50 | K50: =IF(ISBLANK(F50),"",F50)
A51: Latvia | B51: C17 — All paper & pulp | C51: C17 | D51: 121.075 | E51: 71 | F51: =E51/D51 | G51: Yes | H51: =A51&"|"&C51 | J51: =H51 | K51: =IF(ISBLANK(F51),"",F51)
A52: Latvia | B52: C17_X_C1711 — Paper excl. pulp | C52: C17xP | D52: 120.92 | E52: 70.9 | F52: =E52/D52 | G52: Yes | H52: =A52&"|"&C52 | J52: =H52 | K52: =IF(ISBLANK(F52),"",F52)
A53: Latvia | B53: C1711 — Pulp only | C53: C1711 | D53: 0.155 | E53: 0.2 | F53: =E53/D53 | G53: Yes | H53: =A53&"|"&C53 | J53: =H53 | K53: =IF(ISBLANK(F53),"",F53)
A54: Lithuania | B54: C17 — All paper & pulp | C54: C17 | D54: 1891.557 | E54: 399.3 | F54: =E54/D54 | G54: Yes | H54: =A54&"|"&C54 | J54: =H54 | K54: =IF(ISBLANK(F54),"",F54)
A55: Lithuania | B55: C17_X_C1711 — Paper excl. pulp | C55: C17xP | D55: 1891.557 | E55: 399.3 | F55: =E55/D55 | G55: Yes | H55: =A55&"|"&C55 | J55: =H55 | K55: =IF(ISBLANK(F55),"",F55)
A56: Lithuania | B56: C1711 — Pulp only | C56: C1711 | D56: 0 | E56: 0 | G56: Yes | H56: =A56&"|"&C56 | J56: =H56 | K56: =IF(ISBLANK(F56),"",F56)
A57: Luxembourg | B57: C17 — All paper & pulp | C57: C17 | E57: 0 | G57: No | H57: =A57&"|"&C57 | J57: =H57 | K57: =IF(ISBLANK(F57),"",F57)
A58: Luxembourg | B58: C17_X_C1711 — Paper excl. pulp | C58: C17xP | E58: 0 | G58: No | H58: =A58&"|"&C58 | J58: =H58 | K58: =IF(ISBLANK(F58),"",F58)
A59: Luxembourg | B59: C1711 — Pulp only | C59: C1711 | E59: 0 | G59: No | H59: =A59&"|"&C59 | J59: =H59 | K59: =IF(ISBLANK(F59),"",F59)
A60: Malta | B60: C17 — All paper & pulp | C60: C17 | D60: 30.362 | E60: 16 | F60: =E60/D60 | G60: Yes | H60: =A60&"|"&C60 | J60: =H60 | K60: =IF(ISBLANK(F60),"",F60)
A61: Malta | B61: C17_X_C1711 — Paper excl. pulp | C61: C17xP | D61: 30.362 | E61: 16 | F61: =E61/D61 | G61: Yes | H61: =A61&"|"&C61 | J61: =H61 | K61: =IF(ISBLANK(F61),"",F61)
A62: Malta | B62: C1711 — Pulp only | C62: C1711 | D62: 0 | E62: 0 | G62: Yes | H62: =A62&"|"&C62 | J62: =H62 | K62: =IF(ISBLANK(F62),"",F62)
A63: Moldova | B63: C17 — All paper & pulp | C63: C17 | D63: 64.772 | E63: 19.7 | F63: =E63/D63 | G63: Yes | H63: =A63&"|"&C63 | J63: =H63 | K63: =IF(ISBLANK(F63),"",F63)
A64: Moldova | B64: C17_X_C1711 — Paper excl. pulp | C64: C17xP | D64: 64.772 | E64: 19.7 | F64: =E64/D64 | G64: Yes | H64: =A64&"|"&C64 | J64: =H64 | K64: =IF(ISBLANK(F64),"",F64)
A65: Moldova | B65: C1711 — Pulp only | C65: C1711 | E65: 0 | G65: No | H65: =A65&"|"&C65 | J65: =H65 | K65: =IF(ISBLANK(F65),"",F65)
A66: Montenegro | B66: C17 — All paper & pulp | C66: C17 | D66: 44.145 | E66: 27.9 | F66: =E66/D66 | G66: Yes | H66: =A66&"|"&C66 | J66: =H66 | K66: =IF(ISBLANK(F66),"",F66)
A67: Montenegro | B67: C17_X_C1711 — Paper excl. pulp | C67: C17xP | D67: 30.173 | E67: 14 | F67: =E67/D67 | G67: Yes | H67: =A67&"|"&C67 | J67: =H67 | K67: =IF(ISBLANK(F67),"",F67)
A68: Montenegro | B68: C1711 — Pulp only | C68: C1711 | D68: 13.973 | E68: 14 | F68: =E68/D68 | G68: Yes | H68: =A68&"|"&C68 | J68: =H68 | K68: =IF(ISBLANK(F68),"",F68)
A69: Netherlands | B69: C17 — All paper & pulp | C69: C17 | E69: 9870 | G69: No | H69: =A69&"|"&C69 | J69: =H69 | K69: =IF(ISBLANK(F69),"",F69)
A70: Netherlands | B70: C17_X_C1711 — Paper excl. pulp | C70: C17xP | E70: 9870 | G70: No | H70: =A70&"|"&C70 | J70: =H70 | K70: =IF(ISBLANK(F70),"",F70)
A71: Netherlands | B71: C1711 — Pulp only | C71: C1711 | E71: 0 | G71: No | H71: =A71&"|"&C71 | J71: =H71 | K71: =IF(ISBLANK(F71),"",F71)
A72: Norway | B72: C17 — All paper & pulp | C72: C17 | D72: 15050.158 | E72: 1114.2 | F72: =E72/D72 | G72: Yes | H72: =A72&"|"&C72 | J72: =H72 | K72: =IF(ISBLANK(F72),"",F72)
A73: Norway | B73: C17_X_C1711 — Paper excl. pulp | C73: C17xP | D73: 11440.082 | E73: 468.4 | F73: =E73/D73 | G73: Yes | H73: =A73&"|"&C73 | J73: =H73 | K73: =IF(ISBLANK(F73),"",F73)
A74: Norway | B74: C1711 — Pulp only | C74: C1711 | D74: 3610.076 | E74: 645.8 | F74: =E74/D74 | G74: Yes | H74: =A74&"|"&C74 | J74: =H74 | K74: =IF(ISBLANK(F74),"",F74)
A75: Poland | B75: C17 — All paper & pulp | C75: C17 | D75: 59148.791 | E75: 14365.3 | F75: =E75/D75 | G75: Yes | H75: =A75&"|"&C75 | J75: =H75 | K75: =IF(ISBLANK(F75),"",F75)
A76: Poland | B76: C17_X_C1711 — Paper excl. pulp | C76: C17xP | D76: 57598.697 | E76: 13692.7 | F76: =E76/D76 | G76: Yes | H76: =A76&"|"&C76 | J76: =H76 | K76: =IF(ISBLANK(F76),"",F76)
A77: Poland | B77: C1711 — Pulp only | C77: C1711 | D77: 1550.094 | E77: 672.6 | F77: =E77/D77 | G77: Yes | H77: =A77&"|"&C77 | J77: =H77 | K77: =IF(ISBLANK(F77),"",F77)
A78: Portugal | B78: C17 — All paper & pulp | C78: C17 | D78: 53802.848 | E78: 7561.1 | F78: =E78/D78 | G78: Yes | H78: =A78&"|"&C78 | J78: =H78 | K78: =IF(ISBLANK(F78),"",F78)
A79: Portugal | B79: C17_X_C1711 — Paper excl. pulp | C79: C17xP | D79: 8440.673 | E79: 3854 | F79: =E79/D79 | G79: Yes | H79: =A79&"|"&C79 | J79: =H79 | K79: =IF(ISBLANK(F79),"",F79)
A80: Portugal | B80: C1711 — Pulp only | C80: C1711 | D80: 45362.175 | E80: 3707 | F80: =E80/D80 | G80: Yes | H80: =A80&"|"&C80 | J80: =H80 | K80: =IF(ISBLANK(F80),"",F80)
A81: Romania | B81: C17 — All paper & pulp | C81: C17 | D81: 5484.239 | E81: 2482.6 | F81: =E81/D81 | G81: Yes | H81: =A81&"|"&C81 | J81: =H81 | K81: =IF(ISBLANK(F81),"",F81)
A82: Romania | B82: C17_X_C1711 — Paper excl. pulp | C82: C17xP | D82: 5484.239 | E82: 2482.6 | F82: =E82/D82 | G82: Yes | H82: =A82&"|"&C82 | J82: =H82 | K82: =IF(ISBLANK(F82),"",F82)
A83: Romania | B83: C1711 — Pulp only | C83: C1711 | D83: 0 | E83: 0 | G83: Yes | H83: =A83&"|"&C83 | J83: =H83 | K83: =IF(ISBLANK(F83),"",F83)
A84: Serbia | B84: C17 — All paper & pulp | C84: C17 | D84: 4664.987 | E84: 1626.4 | F84: =E84/D84 | G84: Yes | H84: =A84&"|"&C84 | J84: =H84 | K84: =IF(ISBLANK(F84),"",F84)
A85: Serbia | B85: C17_X_C1711 — Paper excl. pulp | C85: C17xP | D85: 4664.987 | E85: 1626.4 | F85: =E85/D85 | G85: Yes | H85: =A85&"|"&C85 | J85: =H85 | K85: =IF(ISBLANK(F85),"",F85)
A86: Serbia | B86: C1711 — Pulp only | C86: C1711 | D86: 0 | E86: 0 | G86: Yes | H86: =A86&"|"&C86 | J86: =H86 | K86: =IF(ISBLANK(F86),"",F86)
A87: Slovakia | B87: C17 — All paper & pulp | C87: C17 | D87: 15114.9 | E87: 1350.9 | F87: =E87/D87 | G87: Yes | H87: =A87&"|"&C87 | J87: =H87 | K87: =IF(ISBLANK(F87),"",F87)
A88: Slovakia | B88: C17_X_C1711 — Paper excl. pulp | C88: C17xP | E88: 0 | G88: No | H88: =A88&"|"&C88 | J88: =H88 | K88: =IF(ISBLANK(F88),"",F88)
A89: Slovakia | B89: C1711 — Pulp only | C89: C1711 | E89: 0 | G89: No | H89: =A89&"|"&C89 | J89: =H89 | K89: =IF(ISBLANK(F89),"",F89)
A90: Slovenia | B90: C17 — All paper & pulp | C90: C17 | D90: 4686.014 | E90: 2843.2 | F90: =E90/D90 | G90: Yes | H90: =A90&"|"&C90 | J90: =H90 | K90: =IF(ISBLANK(F90),"",F90)
A91: Slovenia | B91: C17_X_C1711 — Paper excl. pulp | C91: C17xP | E91: 2817 | G91: No | H91: =A91&"|"&C91 | J91: =H91 | K91: =IF(ISBLANK(F91),"",F91)
A92: Slovenia | B92: C1711 — Pulp only | C92: C1711 | E92: 26.2 | G92: No | H92: =A92&"|"&C92 | J92: =H92 | K92: =IF(ISBLANK(F92),"",F92)
A93: Spain | B93: C17 — All paper & pulp | C93: C17 | D93: 72398.777 | E93: 24178 | F93: =E93/D93 | G93: Yes | H93: =A93&"|"&C93 | J93: =H93 | K93: =IF(ISBLANK(F93),"",F93)
A94: Spain | B94: C17_X_C1711 — Paper excl. pulp | C94: C17xP | D94: 58973.151 | E94: 14998.1 | F94: =E94/D94 | G94: Yes | H94: =A94&"|"&C94 | J94: =H94 | K94: =IF(ISBLANK(F94),"",F94)
A95: Spain | B95: C1711 — Pulp only | C95: C1711 | D95: 13425.626 | E95: 9180 | F95: =E95/D95 | G95: Yes | H95: =A95&"|"&C95 | J95: =H95 | K95: =IF(ISBLANK(F95),"",F95)
A96: Sweden | B96: C17 — All paper & pulp | C96: C17 | D96: 258003.46 | E96: 7062.4 | F96: =E96/D96 | G96: Yes | H96: =A96&"|"&C96 | J96: =H96 | K96: =IF(ISBLANK(F96),"",F96)
A97: Sweden | B97: C17_X_C1711 — Paper excl. pulp | C97: C17xP | D97: 148816.63 | E97: 4847.8 | F97: =E97/D97 | G97: Yes | H97: =A97&"|"&C97 | J97: =H97 | K97: =IF(ISBLANK(F97),"",F97)
A98: Sweden | B98: C1711 — Pulp only | C98: C1711 | D98: 109186.83 | E98: 2214.6 | F98: =E98/D98 | G98: Yes | H98: =A98&"|"&C98 | J98: =H98 | K98: =IF(ISBLANK(F98),"",F98)

Sheet Facilities
A1: Facilities — formula-driven (heat = output × SEC; replaceable = heat × fossil share × replace frac)
A2: source_id | B2: source_name | C2: country_corrected | D2: classification | E2: nace_used | F2: annual_output_t | G2: proxy_capacity | H2: SEC (MWh/t) | I2: Fossil Share | J2: FS Source | K2: Replace Frac | L2: Heat Demand (MWh) | M2: Replaceable (MWh) | N2: keep? | O2: status_flag | P2: lookup_key | Q2: justification
A3: 44375330 | B3: Mondi Neusiedler Pulp Mill | C3: Austria | D3: Integrated | E3: C17 | F3: 260039.2 | G3: PROXY | H3: =VLOOKUP(D3,Parameters!$A$5:$B$8,2,FALSE()) | I3: =IFERROR(IF(VLOOKUP(P3,Fossil_Shares!$J$3:$K$98,2,FALSE())="",VLOOKUP(E3,Parameters!$A$12:$B$14,2,FALSE()),VLOOKUP(P3,Fossil_Shares!$J$3:$K$98,2,FALSE())),VLOOKUP(E3,Parameters!$A$12:$B$14,2,FALSE())) | J3: =IFERROR(IF(VLOOKUP(P3,Fossil_Shares!$J$3:$K$98,2,FALSE())="","EU27 fallback","Eurostat"),"EU27 fallback") | K3: =VLOOKUP(D3,Parameters!$A$18:$B$21,2,FALSE()) | L3: =IF(N3="YES",F3*H3,0) | M3: =L3*I3*K3 | N3: YES | P3: =C3&"|"&E3 | Q3: Kematen mill: sulphite pulp + uncoated fine paper on same site (Mondi)
A4: 44375331 | B4: Papierfabrik Wattens GmbH & Co KG - Delfort | C4: Austria | D4: Paper/Board | E4: C17xP | F4: 260039.2 | G4: PROXY | H4: =VLOOKUP(D4,Parameters!$A$5:$B$8,2,FALSE()) | I4: =IFERROR(IF(VLOOKUP(P4,Fossil_Shares!$J$3:$K$98,2,FALSE())="",VLOOKUP(E4,Parameters!$A$12:$B$14,2,FALSE()),VLOOKUP(P4,Fossil_Shares!$J$3:$K$98,2,FALSE())),VLOOKUP(E4,Parameters!$A$12:$B$14,2,FALSE())) | J4: =IFERROR(IF(VLOOKUP(P4,Fossil_Shares!$J$3:$K$98,2,FALSE())="","EU27 fallback","Eurostat"),"EU27 fallback") | K4: =VLOOKUP(D4,Parameters!$A$18:$B$21,2,FALSE()) | L4: =IF(N4="YES",F4*H4,0) | M4: =L4*I4*K4 | N4: YES | O4: NEEDS_VERIFICATION | P4: =C4&"|"&E4 | Q4: Delfort specialty/thin paper mill; semi-chem tag but primarily paper output — verify on-site pulp
A5: 44375328 | B5: Laakirchen Papier AG Pulp Mill | C5: Austria | D5: Paper/Board | E5: C17xP | F5: 260039.2 | G5: PROXY | H5: =VLOOKUP(D5,Parameters!$A$5:$B$8,2,FALSE()) | I5: =IFERROR(IF(VLOOKUP(P5,Fossil_Shares!$J$3:$K$98,2,FALSE())="",VLOOKUP(E5,Parameters!$A$12:$B$14,2,FALSE()),VLOOKUP(P5,Fossil_Shares!$J$3:$K$98,2,FALSE())),VLOOKUP(E5,Parameters!$A$12:$B$14,2,FALSE())) | J5: =IFERROR(IF(VLOOKUP(P5,Fossil_Shares!$J$3:$K$98,2,FALSE())="","EU27 fallback","Eurostat"),"EU27 fallback") | K5: =VLOOKUP(D5,Parameters!$A$18:$B$21,2,FALSE()) | L5: =IF(N5="YES",F5*H5,0) | M5: =L5*I5*K5 | N5: YES | P5: =C5&"|"&E5 | Q5: Recycled-fibre SC paper & containerboard; no virgin pulp line (Heinzel Group)
A6: 44375329 | B6: UPM-Kymmene Steyrermuhl Austria Pulp Mill | C6: Austria | D6: Paper/Board | E6: C17xP | F6: 260039.2 | G6: PROXY | H6: =VLOOKUP(D6,Parameters!$A$5:$B$8,2,FALSE()) | I6: =IFERROR(IF(VLOOKUP(P6,Fossil_Shares!$J$3:$K$98,2,FALSE())="",VLOOKUP(E6,Parameters!$A$12:$B$14,2,FALSE()),VLOOKUP(P6,Fossil_Shares!$J$3:$K$98,2,FALSE())),VLOOKUP(E6,Parameters!$A$12:$B$14,2,FALSE())) | J6: =IFERROR(IF(VLOOKUP(P6,Fossil_Shares!$J$3:$K$98,2,FALSE())="","EU27 fallback","Eurostat"),"EU27 fallback") | K6: =VLOOKUP(D6,Parameters!$A$18:$B$21,2,FALSE()) | L6: =IF(N6="YES",F6*H6,0) | M6: =L6*I6*K6 | N6: YES | P6: =C6&"|"&E6 | Q6: Graphic paper mill; converted to Heinzel packaging paper hub end-2023 (PaperFIRST)
A7: 44375327 | B7: Ybbstaler Zellstoff Pulp Mill | C7: Austria | D7: Pulp | E7: C1711 | F7: 260039.2 | G7: PROXY | H7: =VLOOKUP(D7,Parameters!$A$5:$B$8,2,FALSE()) | I7: =IFERROR(IF(VLOOKUP(P7,Fossil_Shares!$J$3:$K$98,2,FALSE())="",VLOOKUP(E7,Parameters!$A$12:$B$14,2,FALSE()),VLOOKUP(P7,Fossil_Shares!$J$3:$K$98,2,FALSE())),VLOOKUP(E7,Parameters!$A$12:$B$14,2,FALSE())) | J7: =IFERROR(IF(VLOOKUP(P7,Fossil_Shares!$J$3:$K$98,2,FALSE())="","EU27 fallback","Eurostat"),"EU27 fallback") | K7: =VLOOKUP(D7,Parameters!$A$18:$B$21,2,FALSE()) | L7: =IF(N7="YES",F7*H7,0) | M7: =L7*I7*K7 | N7: YES | O7: NEEDS_VERIFICATION | P7: =C7&"|"&E7 | Q7: Standalone sulphite pulp operation historically linked to Mondi Neusiedler; verify merger status
A8: 44375537 | B8: SCA Laakirchen Papier AG | C8: Austria | D8: Paper/Board | E8: C17xP | F8: 485789.47 | G8: PROXY | H8: =VLOOKUP(D8,Parameters!$A$5:$B$8,2,FALSE()) | I8: =IFERROR(IF(VLOOKUP(P8,Fossil_Shares!$J$3:$K$98,2,FALSE())="",VLOOKUP(E8,Parameters!$A$12:$B$14,2,FALSE()),VLOOKUP(P8,Fossil_Shares!$J$3:$K$98,2,FALSE())),VLOOKUP(E8,Parameters!$A$12:$B$14,2,FALSE())) | J8: =IFERROR(IF(VLOOKUP(P8,Fossil_Shares!$J$3:$K$98,2,FALSE())="","EU27 fallback","Eurostat"),"EU27 fallback") | K8: =VLOOKUP(D8,Parameters!$A$18:$B$21,2,FALSE()) | L8: =IF(N8="YES",F8*H8,0) | M8: =L8*I8*K8 | N8: no | O8: DUPLICATE|COUNTRY_CORRECTED | P8: =C8&"|"&E8 | Q8: COUNTRY CORRECTED to AUT (Laakirchen, Austria). Same SC/containerboard mill as 44375328 — possible duplicate
A9: 44375533 | B9: Burgo Ardennes SA | C9: Belgium | D9: Integrated | E9: C17 | F9: 256350.22 | G9: ok | H9: =VLOOKUP(D9,Parameters!$A$5:$B$8,2,FALSE()) | I9: =IFERROR(IF(VLOOKUP(P9,Fossil_Shares!$J$3:$K$98,2,FALSE())="",VLOOKUP(E9,Parameters!$A$12:$B$14,2,FALSE()),VLOOKUP(P9,Fossil_Shares!$J$3:$K$98,2,FALSE())),VLOOKUP(E9,Parameters!$A$12:$B$14,2,FALSE())) | J9: =IFERROR(IF(VLOOKUP(P9,Fossil_Shares!$J$3:$K$98,2,FALSE())="","EU27 fallback","Eurostat"),"EU27 fallback") | K9: =VLOOKUP(D9,Parameters!$A$18:$B$21,2,FALSE()) | L9: =IF(N9="YES",F9*H9,0) | M9: =L9*I9*K9 | N9: no | O9: DUPLICATE|COUNTRY_CORRECTED | P9: =C9&"|"&E9 | Q9: COUNTRY CORRECTED to BEL (Virton, Belgium). Integrated pulp + CWF paper — duplicate of 44375332
A10: 44375332 | B10: Burgo Ardennes Pulp Mill | C10: Belgium | D10: Integrated | E10: C17 | F10: 324790 | G10: ok | H10: =VLOOKUP(D10,Parameters!$A$5:$B$8,2,FALSE()) | I10: =IFERROR(IF(VLOOKUP(P10,Fossil_Shares!$J$3:$K$98,2,FALSE())="",VLOOKUP(E10,Parameters!$A$12:$B$14,2,FALSE()),VLOOKUP(P10,Fossil_Shares!$J$3:$K$98,2,FALSE())),VLOOKUP(E10,Parameters!$A$12:$B$14,2,FALSE())) | J10: =IFERROR(IF(VLOOKUP(P10,Fossil_Shares!$J$3:$K$98,2,FALSE())="","EU27 fallback","Eurostat"),"EU27 fallback") | K10: =VLOOKUP(D10,Parameters!$A$18:$B$21,2,FALSE()) | L10: =IF(N10="YES",F10*H10,0) | M10: =L10*I10*K10 | N10: YES | P10: =C10&"|"&E10 | Q10: Virton: kraft pulp + coated woodfree paper, 400kt pulp + 380kt CWF (Burgo Group)
A11: 44375333 | B11: Svilocell EAD - Subsidiary of Svilosa AD | C11: Bulgaria | D11: Pulp | E11: C1711 | F11: 93048.425 | G11: PROXY | H11: =VLOOKUP(D11,Parameters!$A$5:$B$8,2,FALSE()) | I11: =IFERROR(IF(VLOOKUP(P11,Fossil_Shares!$J$3:$K$98,2,FALSE())="",VLOOKUP(E11,Parameters!$A$12:$B$14,2,FALSE()),VLOOKUP(P11,Fossil_Shares!$J$3:$K$98,2,FALSE())),VLOOKUP(E11,Parameters!$A$12:$B$14,2,FALSE())) | J11: =IFERROR(IF(VLOOKUP(P11,Fossil_Shares!$J$3:$K$98,2,FALSE())="","EU27 fallback","Eurostat"),"EU27 fallback") | K11: =VLOOKUP(D11,Parameters!$A$18:$B$21,2,FALSE()) | L11: =IF(N11="YES",F11*H11,0) | M11: =L11*I11*K11 | N11: YES | P11: =C11&"|"&E11 | Q11: Bleached kraft market pulp; no integrated paper line known
A12: 44375334 | B12: Stambolijski Kraft Pulp & Paper Mill | C12: Bulgaria | D12: Integrated | E12: C17 | F12: 93048.425 | G12: PROXY | H12: =VLOOKUP(D12,Parameters!$A$5:$B$8,2,FALSE()) | I12: =IFERROR(IF(VLOOKUP(P12,Fossil_Shares!$J$3:$K$98,2,FALSE())="",VLOOKUP(E12,Parameters!$A$12:$B$14,2,FALSE()),VLOOKUP(P12,Fossil_Shares!$J$3:$K$98,2,FALSE())),VLOOKUP(E12,Parameters!$A$12:$B$14,2,FALSE())) | J12: =IFERROR(IF(VLOOKUP(P12,Fossil_Shares!$J$3:$K$98,2,FALSE())="","EU27 fallback","Eurostat"),"EU27 fallback") | K12: =VLOOKUP(D12,Parameters!$A$18:$B$21,2,FALSE()) | L12: =IF(N12="YES",F12*H12,0) | M12: =L12*I12*K12 | N12: no | O12: CLOSED | P12: =C12&"|"&E12 | Q12: Name states Pulp & Paper; historic kraft site — verify current operational status
A13: 44375335 | B13: Svistov Pulp Plant | C13: Bulgaria | D13: Pulp | E13: C1711 | F13: 93048.425 | G13: PROXY | H13: =VLOOKUP(D13,Parameters!$A$5:$B$8,2,FALSE()) | I13: =IFERROR(IF(VLOOKUP(P13,Fossil_Shares!$J$3:$K$98,2,FALSE())="",VLOOKUP(E13,Parameters!$A$12:$B$14,2,FALSE()),VLOOKUP(P13,Fossil_Shares!$J$3:$K$98,2,FALSE())),VLOOKUP(E13,Parameters!$A$12:$B$14,2,FALSE())) | J13: =IFERROR(IF(VLOOKUP(P13,Fossil_Shares!$J$3:$K$98,2,FALSE())="","EU27 fallback","Eurostat"),"EU27 fallback") | K13: =VLOOKUP(D13,Parameters!$A$18:$B$21,2,FALSE()) | L13: =IF(N13="YES",F13*H13,0) | M13: =L13*I13*K13 | N13: no | O13: DUPLICATE|NEEDS_VERIFICATION | P13: =C13&"|"&E13 | Q13: Same Svilosa/Svishtov complex as Svilocell — likely duplicate; verify and de-duplicate
A14: 44375502 | B14: OP Papírna s.r.o. - Delfort | C14: Czechia | D14: Paper/Board | E14: C17xP | F14: 219922.84 | G14: PROXY | H14: =VLOOKUP(D14,Parameters!$A$5:$B$8,2,FALSE()) | I14: =IFERROR(IF(VLOOKUP(P14,Fossil_Shares!$J$3:$K$98,2,FALSE())="",VLOOKUP(E14,Parameters!$A$12:$B$14,2,FALSE()),VLOOKUP(P14,Fossil_Shares!$J$3:$K$98,2,FALSE())),VLOOKUP(E14,Parameters!$A$12:$B$14,2,FALSE())) | J14: =IFERROR(IF(VLOOKUP(P14,Fossil_Shares!$J$3:$K$98,2,FALSE())="","EU27 fallback","Eurostat"),"EU27 fallback") | K14: =VLOOKUP(D14,Parameters!$A$18:$B$21,2,FALSE()) | L14: =IF(N14="YES",F14*H14,0) | M14: =L14*I14*K14 | N14: YES | O14: NEEDS_VERIFICATION | P14: =C14&"|"&E14 | Q14: Delfort specialty thin-paper mill (Olšany); primarily paper — verify on-site pulp
A15: 44375503 | B15: Biocel Paskov Pulp Mill | C15: Czechia | D15: Pulp | E15: C1711 | F15: 219922.84 | G15: PROXY | H15: =VLOOKUP(D15,Parameters!$A$5:$B$8,2,FALSE()) | I15: =IFERROR(IF(VLOOKUP(P15,Fossil_Shares!$J$3:$K$98,2,FALSE())="",VLOOKUP(E15,Parameters!$A$12:$B$14,2,FALSE()),VLOOKUP(P15,Fossil_Shares!$J$3:$K$98,2,FALSE())),VLOOKUP(E15,Parameters!$A$12:$B$14,2,FALSE())) | J15: =IFERROR(IF(VLOOKUP(P15,Fossil_Shares!$J$3:$K$98,2,FALSE())="","EU27 fallback","Eurostat"),"EU27 fallback") | K15: =VLOOKUP(D15,Parameters!$A$18:$B$21,2,FALSE()) | L15: =IF(N15="YES",F15*H15,0) | M15: =L15*I15*K15 | N15: YES | P15: =C15&"|"&E15 | Q15: Lenzing biorefinery: dissolving + paper-grade pulp only; no papermaking (Lenzing/Innovation in Textiles)
A16: 44375557 | B16: Biocel Paskov 2 | C16: Czechia | D16: Pulp | E16: C1711 | G16: ok | H16: =VLOOKUP(D16,Parameters!$A$5:$B$8,2,FALSE()) | I16: =IFERROR(IF(VLOOKUP(P16,Fossil_Shares!$J$3:$K$98,2,FALSE())="",VLOOKUP(E16,Parameters!$A$12:$B$14,2,FALSE()),VLOOKUP(P16,Fossil_Shares!$J$3:$K$98,2,FALSE())),VLOOKUP(E16,Parameters!$A$12:$B$14,2,FALSE())) | J16: =IFERROR(IF(VLOOKUP(P16,Fossil_Shares!$J$3:$K$98,2,FALSE())="","EU27 fallback","Eurostat"),"EU27 fallback") | K16: =VLOOKUP(D16,Parameters!$A$18:$B$21,2,FALSE()) | L16: =IF(N16="YES",F16*H16,0) | M16: =L16*I16*K16 | N16: no | O16: DUPLICATE|COUNTRY_CORRECTED | P16: =C16&"|"&E16 | Q16: COUNTRY CORRECTED to CZE. Duplicate of 44375503 (Biocel Paskov dissolving/paper pulp, Lenzing)
A17: 44375520 | B17: Golbey Pulp and Paper Mill | C17: France | D17: Paper/Board | E17: C17xP | F17: 82573.585 | G17: ok | H17: =VLOOKUP(D17,Parameters!$A$5:$B$8,2,FALSE()) | I17: =IFERROR(IF(VLOOKUP(P17,Fossil_Shares!$J$3:$K$98,2,FALSE())="",VLOOKUP(E17,Parameters!$A$12:$B$14,2,FALSE()),VLOOKUP(P17,Fossil_Shares!$J$3:$K$98,2,FALSE())),VLOOKUP(E17,Parameters!$A$12:$B$14,2,FALSE())) | J17: =IFERROR(IF(VLOOKUP(P17,Fossil_Shares!$J$3:$K$98,2,FALSE())="","EU27 fallback","Eurostat"),"EU27 fallback") | K17: =VLOOKUP(D17,Parameters!$A$18:$B$21,2,FALSE()) | L17: =IF(N17="YES",F17*H17,0) | M17: =L17*I17*K17 | N17: no | P17: =C17&"|"&E17 | Q17: Norske Skog Golbey: newsprint/recycled containerboard; no chemical pulp line (TMP/recovered fibre)
A18: 44375543 | B18: Norske Skog Golbey | C18: France | D18: Paper/Board | E18: C17xP | F18: 148763.11 | G18: PROXY | H18: =VLOOKUP(D18,Parameters!$A$5:$B$8,2,FALSE()) | I18: =IFERROR(IF(VLOOKUP(P18,Fossil_Shares!$J$3:$K$98,2,FALSE())="",VLOOKUP(E18,Parameters!$A$12:$B$14,2,FALSE()),VLOOKUP(P18,Fossil_Shares!$J$3:$K$98,2,FALSE())),VLOOKUP(E18,Parameters!$A$12:$B$14,2,FALSE())) | J18: =IFERROR(IF(VLOOKUP(P18,Fossil_Shares!$J$3:$K$98,2,FALSE())="","EU27 fallback","Eurostat"),"EU27 fallback") | K18: =VLOOKUP(D18,Parameters!$A$18:$B$21,2,FALSE()) | L18: =IF(N18="YES",F18*H18,0) | M18: =L18*I18*K18 | N18: YES | O18: DUPLICATE|COUNTRY_CORRECTED | P18: =C18&"|"&E18 | Q18: COUNTRY CORRECTED to FRA (Golbey, France). Newsprint/recycled containerboard — duplicate of 44375520
A19: 44375517 | B19: Mimizan Pulp and Paper Mill - Paper Bags | C19: France | D19: Integrated | E19: C17 | F19: 171453.8 | G19: ok | H19: =VLOOKUP(D19,Parameters!$A$5:$B$8,2,FALSE()) | I19: =IFERROR(IF(VLOOKUP(P19,Fossil_Shares!$J$3:$K$98,2,FALSE())="",VLOOKUP(E19,Parameters!$A$12:$B$14,2,FALSE()),VLOOKUP(P19,Fossil_Shares!$J$3:$K$98,2,FALSE())),VLOOKUP(E19,Parameters!$A$12:$B$14,2,FALSE())) | J19: =IFERROR(IF(VLOOKUP(P19,Fossil_Shares!$J$3:$K$98,2,FALSE())="","EU27 fallback","Eurostat"),"EU27 fallback") | K19: =VLOOKUP(D19,Parameters!$A$18:$B$21,2,FALSE()) | L19: =IF(N19="YES",F19*H19,0) | M19: =L19*I19*K19 | N19: YES | P19: =C19&"|"&E19 | Q19: Gascogne Papier Mimizan: integrated kraft pulp + natural kraft/sack paper (Gascogne Papier; ANDRITZ)
A20: 44375523 | B20: Facture Biganos Pulp and Paper Mill | C20: France | D20: Integrated | E20: C17 | F20: 485789.47 | G20: PROXY | H20: =VLOOKUP(D20,Parameters!$A$5:$B$8,2,FALSE()) | I20: =IFERROR(IF(VLOOKUP(P20,Fossil_Shares!$J$3:$K$98,2,FALSE())="",VLOOKUP(E20,Parameters!$A$12:$B$14,2,FALSE()),VLOOKUP(P20,Fossil_Shares!$J$3:$K$98,2,FALSE())),VLOOKUP(E20,Parameters!$A$12:$B$14,2,FALSE())) | J20: =IFERROR(IF(VLOOKUP(P20,Fossil_Shares!$J$3:$K$98,2,FALSE())="","EU27 fallback","Eurostat"),"EU27 fallback") | K20: =VLOOKUP(D20,Parameters!$A$18:$B$21,2,FALSE()) | L20: =IF(N20="YES",F20*H20,0) | M20: =L20*I20*K20 | N20: YES | P20: =C20&"|"&E20 | Q20: Smurfit Kappa Facture/Biganos: integrated kraft pulp + kraftliner (Pulp&PaperNews; SUEZ)
A21: 44375524 | B21: Saint Gaudens Pulp Mill | C21: France | D21: Pulp | E21: C1711 | F21: 485789.47 | G21: PROXY | H21: =VLOOKUP(D21,Parameters!$A$5:$B$8,2,FALSE()) | I21: =IFERROR(IF(VLOOKUP(P21,Fossil_Shares!$J$3:$K$98,2,FALSE())="",VLOOKUP(E21,Parameters!$A$12:$B$14,2,FALSE()),VLOOKUP(P21,Fossil_Shares!$J$3:$K$98,2,FALSE())),VLOOKUP(E21,Parameters!$A$12:$B$14,2,FALSE())) | J21: =IFERROR(IF(VLOOKUP(P21,Fossil_Shares!$J$3:$K$98,2,FALSE())="","EU27 fallback","Eurostat"),"EU27 fallback") | K21: =VLOOKUP(D21,Parameters!$A$18:$B$21,2,FALSE()) | L21: =IF(N21="YES",F21*H21,0) | M21: =L21*I21*K21 | N21: YES | O21: NEEDS_VERIFICATION | P21: =C21&"|"&E21 | Q21: Fibre Excellence Saint-Gaudens: kraft market pulp mill; no integrated paper — verify operator/status
A22: 44375522 | B22: Tarascon Pulp Mill | C22: France | D22: Pulp | E22: C1711 | F22: 485789.47 | G22: PROXY | H22: =VLOOKUP(D22,Parameters!$A$5:$B$8,2,FALSE()) | I22: =IFERROR(IF(VLOOKUP(P22,Fossil_Shares!$J$3:$K$98,2,FALSE())="",VLOOKUP(E22,Parameters!$A$12:$B$14,2,FALSE()),VLOOKUP(P22,Fossil_Shares!$J$3:$K$98,2,FALSE())),VLOOKUP(E22,Parameters!$A$12:$B$14,2,FALSE())) | J22: =IFERROR(IF(VLOOKUP(P22,Fossil_Shares!$J$3:$K$98,2,FALSE())="","EU27 fallback","Eurostat"),"EU27 fallback") | K22: =VLOOKUP(D22,Parameters!$A$18:$B$21,2,FALSE()) | L22: =IF(N22="YES",F22*H22,0) | M22: =L22*I22*K22 | N22: YES | O22: NEEDS_VERIFICATION | P22: =C22&"|"&E22 | Q22: Fibre Excellence Tarascon: kraft market pulp mill; no paper — verify operational status
A23: 44375527 | B23: WEPA Greenfield SAS - WEPA Group | C23: France | D23: Tissue | E23: C17xP | F23: 485789.47 | G23: PROXY | H23: =VLOOKUP(D23,Parameters!$A$5:$B$8,2,FALSE()) | I23: =IFERROR(IF(VLOOKUP(P23,Fossil_Shares!$J$3:$K$98,2,FALSE())="",VLOOKUP(E23,Parameters!$A$12:$B$14,2,FALSE()),VLOOKUP(P23,Fossil_Shares!$J$3:$K$98,2,FALSE())),VLOOKUP(E23,Parameters!$A$12:$B$14,2,FALSE())) | J23: =IFERROR(IF(VLOOKUP(P23,Fossil_Shares!$J$3:$K$98,2,FALSE())="","EU27 fallback","Eurostat"),"EU27 fallback") | K23: =VLOOKUP(D23,Parameters!$A$18:$B$21,2,FALSE()) | L23: =IF(N23="YES",F23*H23,0) | M23: =L23*I23*K23 | N23: YES | P23: =C23&"|"&E23 | Q23: WEPA Greenfield (Château-Thierry): recycled tissue/hygiene paper — WEPA is Europe's #3 tissue producer
A24: 44375526 | B24: Saillat-sur-Vienne Pulp and Paper Mill | C24: France | D24: Integrated | E24: C17 | F24: 520240.16 | G24: ok | H24: =VLOOKUP(D24,Parameters!$A$5:$B$8,2,FALSE()) | I24: =IFERROR(IF(VLOOKUP(P24,Fossil_Shares!$J$3:$K$98,2,FALSE())="",VLOOKUP(E24,Parameters!$A$12:$B$14,2,FALSE()),VLOOKUP(P24,Fossil_Shares!$J$3:$K$98,2,FALSE())),VLOOKUP(E24,Parameters!$A$12:$B$14,2,FALSE())) | J24: =IFERROR(IF(VLOOKUP(P24,Fossil_Shares!$J$3:$K$98,2,FALSE())="","EU27 fallback","Eurostat"),"EU27 fallback") | K24: =VLOOKUP(D24,Parameters!$A$18:$B$21,2,FALSE()) | L24: =IF(N24="YES",F24*H24,0) | M24: =L24*I24*K24 | N24: YES | P24: =C24&"|"&E24 | Q24: Smurfit Kappa Saillat: integrated kraft pulp + kraftliner (Packaging Europe; HYFLEXPOWER project)
A25: 44375521 | B25: Alizay Papier SASU - VPK Group | C25: France | D25: Paper/Board | E25: C17xP | F25: 980162.62 | G25: PROXY | H25: =VLOOKUP(D25,Parameters!$A$5:$B$8,2,FALSE()) | I25: =IFERROR(IF(VLOOKUP(P25,Fossil_Shares!$J$3:$K$98,2,FALSE())="",VLOOKUP(E25,Parameters!$A$12:$B$14,2,FALSE()),VLOOKUP(P25,Fossil_Shares!$J$3:$K$98,2,FALSE())),VLOOKUP(E25,Parameters!$A$12:$B$14,2,FALSE())) | J25: =IFERROR(IF(VLOOKUP(P25,Fossil_Shares!$J$3:$K$98,2,FALSE())="","EU27 fallback","Eurostat"),"EU27 fallback") | K25: =VLOOKUP(D25,Parameters!$A$18:$B$21,2,FALSE()) | L25: =IF(N25="YES",F25*H25,0) | M25: =L25*I25*K25 | N25: YES | P25: =C25&"|"&E25 | Q25: VPK Alizay: recycled containerboard; no virgin pulp — Pulp misc. = RCF prep
A26: 44375516 | B26: Rayonier Advanced Materials | C26: France | D26: Pulp | E26: C1711 | G26: ok | H26: =VLOOKUP(D26,Parameters!$A$5:$B$8,2,FALSE()) | I26: =IFERROR(IF(VLOOKUP(P26,Fossil_Shares!$J$3:$K$98,2,FALSE())="",VLOOKUP(E26,Parameters!$A$12:$B$14,2,FALSE()),VLOOKUP(P26,Fossil_Shares!$J$3:$K$98,2,FALSE())),VLOOKUP(E26,Parameters!$A$12:$B$14,2,FALSE())) | J26: =IFERROR(IF(VLOOKUP(P26,Fossil_Shares!$J$3:$K$98,2,FALSE())="","EU27 fallback","Eurostat"),"EU27 fallback") | K26: =VLOOKUP(D26,Parameters!$A$18:$B$21,2,FALSE()) | L26: =IF(N26="YES",F26*H26,0) | M26: =L26*I26*K26 | N26: YES | P26: =C26&"|"&E26 | Q26: RYAM Tartas: dissolving/high-purity cellulose (acid-sulphite pine) + biomaterials; no paper (RYAM; MDPI)
A27: 44375510 | B27: GRuNPERGA Papier Pulp Mill | C27: Germany | D27: Paper/Board | E27: C17xP | F27: 54016.842 | G27: ok | H27: =VLOOKUP(D27,Parameters!$A$5:$B$8,2,FALSE()) | I27: =IFERROR(IF(VLOOKUP(P27,Fossil_Shares!$J$3:$K$98,2,FALSE())="",VLOOKUP(E27,Parameters!$A$12:$B$14,2,FALSE()),VLOOKUP(P27,Fossil_Shares!$J$3:$K$98,2,FALSE())),VLOOKUP(E27,Parameters!$A$12:$B$14,2,FALSE())) | J27: =IFERROR(IF(VLOOKUP(P27,Fossil_Shares!$J$3:$K$98,2,FALSE())="","EU27 fallback","Eurostat"),"EU27 fallback") | K27: =VLOOKUP(D27,Parameters!$A$18:$B$21,2,FALSE()) | L27: =IF(N27="YES",F27*H27,0) | M27: =L27*I27*K27 | N27: YES | P27: =C27&"|"&E27 | Q27: Grünberg specialty paper mill; mechanical tag — treat as paper pending verification
A28: 44375515 | B28: Katz GmbH & Co. KG | C28: Germany | D28: Integrated | E28: C17 | F28: 164844.5 | G28: PROXY | H28: =VLOOKUP(D28,Parameters!$A$5:$B$8,2,FALSE()) | I28: =IFERROR(IF(VLOOKUP(P28,Fossil_Shares!$J$3:$K$98,2,FALSE())="",VLOOKUP(E28,Parameters!$A$12:$B$14,2,FALSE()),VLOOKUP(P28,Fossil_Shares!$J$3:$K$98,2,FALSE())),VLOOKUP(E28,Parameters!$A$12:$B$14,2,FALSE())) | J28: =IFERROR(IF(VLOOKUP(P28,Fossil_Shares!$J$3:$K$98,2,FALSE())="","EU27 fallback","Eurostat"),"EU27 fallback") | K28: =VLOOKUP(D28,Parameters!$A$18:$B$21,2,FALSE()) | L28: =IF(N28="YES",F28*H28,0) | M28: =L28*I28*K28 | N28: YES | P28: =C28&"|"&E28 | Q28: Weisenbach: own groundwood pulp + board for beer mats/display board (Katz Group)
A29: 44375504 | B29: Sappi Alfeld Kraft Pulp and Paper Mill | C29: Germany | D29: Integrated | E29: C17 | F29: 164844.5 | G29: PROXY | H29: =VLOOKUP(D29,Parameters!$A$5:$B$8,2,FALSE()) | I29: =IFERROR(IF(VLOOKUP(P29,Fossil_Shares!$J$3:$K$98,2,FALSE())="",VLOOKUP(E29,Parameters!$A$12:$B$14,2,FALSE()),VLOOKUP(P29,Fossil_Shares!$J$3:$K$98,2,FALSE())),VLOOKUP(E29,Parameters!$A$12:$B$14,2,FALSE())) | J29: =IFERROR(IF(VLOOKUP(P29,Fossil_Shares!$J$3:$K$98,2,FALSE())="","EU27 fallback","Eurostat"),"EU27 fallback") | K29: =VLOOKUP(D29,Parameters!$A$18:$B$21,2,FALSE()) | L29: =IF(N29="YES",F29*H29,0) | M29: =L29*I29*K29 | N29: YES | P29: =C29&"|"&E29 | Q29: On-site bleached pulp + coated/uncoated specialty & packaging papers (Sappi mill page)
A30: 44375508 | B30: Lenk Paper GmbH - Papierfabrik Schleipen | C30: Germany | D30: Paper/Board | E30: C17xP | F30: 164844.5 | G30: PROXY | H30: =VLOOKUP(D30,Parameters!$A$5:$B$8,2,FALSE()) | I30: =IFERROR(IF(VLOOKUP(P30,Fossil_Shares!$J$3:$K$98,2,FALSE())="",VLOOKUP(E30,Parameters!$A$12:$B$14,2,FALSE()),VLOOKUP(P30,Fossil_Shares!$J$3:$K$98,2,FALSE())),VLOOKUP(E30,Parameters!$A$12:$B$14,2,FALSE())) | J30: =IFERROR(IF(VLOOKUP(P30,Fossil_Shares!$J$3:$K$98,2,FALSE())="","EU27 fallback","Eurostat"),"EU27 fallback") | K30: =VLOOKUP(D30,Parameters!$A$18:$B$21,2,FALSE()) | L30: =IF(N30="YES",F30*H30,0) | M30: =L30*I30*K30 | N30: YES | O30: NEEDS_VERIFICATION | P30: =C30&"|"&E30 | Q30: Specialty/décor paper; chemical + mechanical tag — verify on-site pulp (could be Integrated)
A31: 44375506 | B31: Heinrich Schaller Pappenfabrik e.K. Pulp Mill | C31: Germany | D31: Paper/Board | E31: C17xP | F31: 164844.5 | G31: PROXY | H31: =VLOOKUP(D31,Parameters!$A$5:$B$8,2,FALSE()) | I31: =IFERROR(IF(VLOOKUP(P31,Fossil_Shares!$J$3:$K$98,2,FALSE())="",VLOOKUP(E31,Parameters!$A$12:$B$14,2,FALSE()),VLOOKUP(P31,Fossil_Shares!$J$3:$K$98,2,FALSE())),VLOOKUP(E31,Parameters!$A$12:$B$14,2,FALSE())) | J31: =IFERROR(IF(VLOOKUP(P31,Fossil_Shares!$J$3:$K$98,2,FALSE())="","EU27 fallback","Eurostat"),"EU27 fallback") | K31: =VLOOKUP(D31,Parameters!$A$18:$B$21,2,FALSE()) | L31: =IF(N31="YES",F31*H31,0) | M31: =L31*I31*K31 | N31: YES | P31: =C31&"|"&E31 | Q31: Pappenfabrik = board mill; likely mechanical-pulp board (integrated possible)
A32: 44375507 | B32: Dynos GmbH - Niederlassung Bad Durkheim | C32: Germany | D32: Paper/Board | E32: C17xP | F32: 164844.5 | G32: PROXY | H32: =VLOOKUP(D32,Parameters!$A$5:$B$8,2,FALSE()) | I32: =IFERROR(IF(VLOOKUP(P32,Fossil_Shares!$J$3:$K$98,2,FALSE())="",VLOOKUP(E32,Parameters!$A$12:$B$14,2,FALSE()),VLOOKUP(P32,Fossil_Shares!$J$3:$K$98,2,FALSE())),VLOOKUP(E32,Parameters!$A$12:$B$14,2,FALSE())) | J32: =IFERROR(IF(VLOOKUP(P32,Fossil_Shares!$J$3:$K$98,2,FALSE())="","EU27 fallback","Eurostat"),"EU27 fallback") | K32: =VLOOKUP(D32,Parameters!$A$18:$B$21,2,FALSE()) | L32: =IF(N32="YES",F32*H32,0) | M32: =L32*I32*K32 | N32: YES | O32: NEEDS_VERIFICATION | P32: =C32&"|"&E32 | Q32: Semi-chem tag; likely board/moulded-fibre — verify production type
A33: 44375509 | B33: Sprick GmbH Bielefelder Papier- und Wellpappenwerke & Co.- Hauptverwaltung | C33: Germany | D33: Paper/Board | E33: C17xP | F33: 164844.5 | G33: PROXY | H33: =VLOOKUP(D33,Parameters!$A$5:$B$8,2,FALSE()) | I33: =IFERROR(IF(VLOOKUP(P33,Fossil_Shares!$J$3:$K$98,2,FALSE())="",VLOOKUP(E33,Parameters!$A$12:$B$14,2,FALSE()),VLOOKUP(P33,Fossil_Shares!$J$3:$K$98,2,FALSE())),VLOOKUP(E33,Parameters!$A$12:$B$14,2,FALSE())) | J33: =IFERROR(IF(VLOOKUP(P33,Fossil_Shares!$J$3:$K$98,2,FALSE())="","EU27 fallback","Eurostat"),"EU27 fallback") | K33: =VLOOKUP(D33,Parameters!$A$18:$B$21,2,FALSE()) | L33: =IF(N33="YES",F33*H33,0) | M33: =L33*I33*K33 | N33: YES | P33: =C33&"|"&E33 | Q33: Recycled containerboard + corrugated; Pulp misc. = recovered-fibre prep (not virgin pulp)
A34: 44375512 | B34: Mercer Rosenthal GmbH - MR - Mercer International Group | C34: Germany | D34: Pulp | E34: C1711 | F34: 164844.5 | G34: PROXY | H34: =VLOOKUP(D34,Parameters!$A$5:$B$8,2,FALSE()) | I34: =IFERROR(IF(VLOOKUP(P34,Fossil_Shares!$J$3:$K$98,2,FALSE())="",VLOOKUP(E34,Parameters!$A$12:$B$14,2,FALSE()),VLOOKUP(P34,Fossil_Shares!$J$3:$K$98,2,FALSE())),VLOOKUP(E34,Parameters!$A$12:$B$14,2,FALSE())) | J34: =IFERROR(IF(VLOOKUP(P34,Fossil_Shares!$J$3:$K$98,2,FALSE())="","EU27 fallback","Eurostat"),"EU27 fallback") | K34: =VLOOKUP(D34,Parameters!$A$18:$B$21,2,FALSE()) | L34: =IF(N34="YES",F34*H34,0) | M34: =L34*I34*K34 | N34: YES | P34: =C34&"|"&E34 | Q34: NBSK market pulp ~360kt/yr + lignin/tall oil; no paper (Mercer Int'l 10-K)
A35: 44375511 | B35: Essity Operations Mannheim GmbH Pulp Mill | C35: Germany | D35: Tissue | E35: C17xP | F35: 164844.5 | G35: PROXY | H35: =VLOOKUP(D35,Parameters!$A$5:$B$8,2,FALSE()) | I35: =IFERROR(IF(VLOOKUP(P35,Fossil_Shares!$J$3:$K$98,2,FALSE())="",VLOOKUP(E35,Parameters!$A$12:$B$14,2,FALSE()),VLOOKUP(P35,Fossil_Shares!$J$3:$K$98,2,FALSE())),VLOOKUP(E35,Parameters!$A$12:$B$14,2,FALSE())) | J35: =IFERROR(IF(VLOOKUP(P35,Fossil_Shares!$J$3:$K$98,2,FALSE())="","EU27 fallback","Eurostat"),"EU27 fallback") | K35: =VLOOKUP(D35,Parameters!$A$18:$B$21,2,FALSE()) | L35: =IF(N35="YES",F35*H35,0) | M35: =L35*I35*K35 | N35: YES | P35: =C35&"|"&E35 | Q35: Largest European tissue plant (283kt/yr) + wheat-straw alt-fibre pulp on-site (Essity press release)
A36: 44375513 | B36: Sappi Stockstadt Mill | C36: Germany | D36: Integrated | E36: C17 | F36: 164844.5 | G36: PROXY | H36: =VLOOKUP(D36,Parameters!$A$5:$B$8,2,FALSE()) | I36: =IFERROR(IF(VLOOKUP(P36,Fossil_Shares!$J$3:$K$98,2,FALSE())="",VLOOKUP(E36,Parameters!$A$12:$B$14,2,FALSE()),VLOOKUP(P36,Fossil_Shares!$J$3:$K$98,2,FALSE())),VLOOKUP(E36,Parameters!$A$12:$B$14,2,FALSE())) | J36: =IFERROR(IF(VLOOKUP(P36,Fossil_Shares!$J$3:$K$98,2,FALSE())="","EU27 fallback","Eurostat"),"EU27 fallback") | K36: =VLOOKUP(D36,Parameters!$A$18:$B$21,2,FALSE()) | L36: =IF(N36="YES",F36*H36,0) | M36: =L36*I36*K36 | N36: no | O36: CLOSED|DUPLICATE | P36: =C36&"|"&E36 | Q36: Duplicate of 44375514 — same integrated Stockstadt mill; CLOSED Q1 2024
A37: 44375514 | B37: Sappi Stockstadt GmbH - Division of Sappi Fine Paper Europe | C37: Germany | D37: Integrated | E37: C17 | F37: 164844.5 | G37: PROXY | H37: =VLOOKUP(D37,Parameters!$A$5:$B$8,2,FALSE()) | I37: =IFERROR(IF(VLOOKUP(P37,Fossil_Shares!$J$3:$K$98,2,FALSE())="",VLOOKUP(E37,Parameters!$A$12:$B$14,2,FALSE()),VLOOKUP(P37,Fossil_Shares!$J$3:$K$98,2,FALSE())),VLOOKUP(E37,Parameters!$A$12:$B$14,2,FALSE())) | J37: =IFERROR(IF(VLOOKUP(P37,Fossil_Shares!$J$3:$K$98,2,FALSE())="","EU27 fallback","Eurostat"),"EU27 fallback") | K37: =VLOOKUP(D37,Parameters!$A$18:$B$21,2,FALSE()) | L37: =IF(N37="YES",F37*H37,0) | M37: =L37*I37*K37 | N37: no | O37: CLOSED | P37: =C37&"|"&E37 | Q37: Integrated 145kt internal pulp + 220kt CWF paper — CLOSED Q1 2024 (Printing Impressions)
A38: 44375505 | B38: ZS Zellstoff Stendal GmbH - Mercer Stendal | C38: Germany | D38: Pulp | E38: C1711 | F38: 275672.16 | G38: ok | H38: =VLOOKUP(D38,Parameters!$A$5:$B$8,2,FALSE()) | I38: =IFERROR(IF(VLOOKUP(P38,Fossil_Shares!$J$3:$K$98,2,FALSE())="",VLOOKUP(E38,Parameters!$A$12:$B$14,2,FALSE()),VLOOKUP(P38,Fossil_Shares!$J$3:$K$98,2,FALSE())),VLOOKUP(E38,Parameters!$A$12:$B$14,2,FALSE())) | J38: =IFERROR(IF(VLOOKUP(P38,Fossil_Shares!$J$3:$K$98,2,FALSE())="","EU27 fallback","Eurostat"),"EU27 fallback") | K38: =VLOOKUP(D38,Parameters!$A$18:$B$21,2,FALSE()) | L38: =IF(N38="YES",F38*H38,0) | M38: =L38*I38*K38 | N38: YES | P38: =C38&"|"&E38 | Q38: Greenfield single-line NBSK market pulp mill 740kt/yr; no paper (Mercer Int'l)
A39: 44375539 | B39: Palm GmbH & Co. KG | C39: Germany | D39: Paper/Board | E39: C17xP | F39: 490081.31 | G39: PROXY | H39: =VLOOKUP(D39,Parameters!$A$5:$B$8,2,FALSE()) | I39: =IFERROR(IF(VLOOKUP(P39,Fossil_Shares!$J$3:$K$98,2,FALSE())="",VLOOKUP(E39,Parameters!$A$12:$B$14,2,FALSE()),VLOOKUP(P39,Fossil_Shares!$J$3:$K$98,2,FALSE())),VLOOKUP(E39,Parameters!$A$12:$B$14,2,FALSE())) | J39: =IFERROR(IF(VLOOKUP(P39,Fossil_Shares!$J$3:$K$98,2,FALSE())="","EU27 fallback","Eurostat"),"EU27 fallback") | K39: =VLOOKUP(D39,Parameters!$A$18:$B$21,2,FALSE()) | L39: =IF(N39="YES",F39*H39,0) | M39: =L39*I39*K39 | N39: YES | O39: COUNTRY_CORRECTED | P39: =C39&"|"&E39 | Q39: COUNTRY CORRECTED to DEU. Palm: recycled newsprint/containerboard; no virgin pulp
A40: 44375558 | B40: Arctic Paper Mochenwangen | C40: Germany | D40: Paper/Board | E40: C17xP | G40: ok | H40: =VLOOKUP(D40,Parameters!$A$5:$B$8,2,FALSE()) | I40: =IFERROR(IF(VLOOKUP(P40,Fossil_Shares!$J$3:$K$98,2,FALSE())="",VLOOKUP(E40,Parameters!$A$12:$B$14,2,FALSE()),VLOOKUP(P40,Fossil_Shares!$J$3:$K$98,2,FALSE())),VLOOKUP(E40,Parameters!$A$12:$B$14,2,FALSE())) | J40: =IFERROR(IF(VLOOKUP(P40,Fossil_Shares!$J$3:$K$98,2,FALSE())="","EU27 fallback","Eurostat"),"EU27 fallback") | K40: =VLOOKUP(D40,Parameters!$A$18:$B$21,2,FALSE()) | L40: =IF(N40="YES",F40*H40,0) | M40: =L40*I40*K40 | N40: no | O40: CLOSED|COUNTRY_CORRECTED | P40: =C40&"|"&E40 | Q40: COUNTRY CORRECTED to DEU (Mochenwangen, Baden-Württemberg). Arctic Paper graphic paper mill — CLOSED 2015
A41: 44375529 | B41: Hellenic Pulp & Paper Industry (ELASPA) | C41: Greece | D41: Paper/Board | E41: C17 | F41: 490081.31 | G41: PROXY | H41: =VLOOKUP(D41,Parameters!$A$5:$B$8,2,FALSE()) | I41: =IFERROR(IF(VLOOKUP(P41,Fossil_Shares!$J$3:$K$98,2,FALSE())="",VLOOKUP(E41,Parameters!$A$12:$B$14,2,FALSE()),VLOOKUP(P41,Fossil_Shares!$J$3:$K$98,2,FALSE())),VLOOKUP(E41,Parameters!$A$12:$B$14,2,FALSE())) | J41: =IFERROR(IF(VLOOKUP(P41,Fossil_Shares!$J$3:$K$98,2,FALSE())="","EU27 fallback","Eurostat"),"EU27 fallback") | K41: =VLOOKUP(D41,Parameters!$A$18:$B$21,2,FALSE()) | L41: =IF(N41="YES",F41*H41,0) | M41: =L41*I41*K41 | N41: YES | O41: NEEDS_VERIFICATION | P41: =C41&"|"&E41 | Q41: Name 'Pulp & Paper'; historic Greek mill — verify if operational
A42: 44375528 | B42: Dunapack Zrt Pulp Mill | C42: Hungary | D42: Paper/Board | E42: C17xP | F42: 603177 | G42: PROXY | H42: =VLOOKUP(D42,Parameters!$A$5:$B$8,2,FALSE()) | I42: =IFERROR(IF(VLOOKUP(P42,Fossil_Shares!$J$3:$K$98,2,FALSE())="",VLOOKUP(E42,Parameters!$A$12:$B$14,2,FALSE()),VLOOKUP(P42,Fossil_Shares!$J$3:$K$98,2,FALSE())),VLOOKUP(E42,Parameters!$A$12:$B$14,2,FALSE())) | J42: =IFERROR(IF(VLOOKUP(P42,Fossil_Shares!$J$3:$K$98,2,FALSE())="","EU27 fallback","Eurostat"),"EU27 fallback") | K42: =VLOOKUP(D42,Parameters!$A$18:$B$21,2,FALSE()) | L42: =IF(N42="YES",F42*H42,0) | M42: =L42*I42*K42 | N42: YES | P42: =C42&"|"&E42 | Q42: Dunapack (Prinzhorn): recycled containerboard/corrugated; Pulp misc. = RCF preparation
A43: 44375536 | B43: Ghelfi Ondulati SpA | C43: Italy | D43: Paper/Board | E43: C17xP | F43: 294048.79 | G43: ok | H43: =VLOOKUP(D43,Parameters!$A$5:$B$8,2,FALSE()) | I43: =IFERROR(IF(VLOOKUP(P43,Fossil_Shares!$J$3:$K$98,2,FALSE())="",VLOOKUP(E43,Parameters!$A$12:$B$14,2,FALSE()),VLOOKUP(P43,Fossil_Shares!$J$3:$K$98,2,FALSE())),VLOOKUP(E43,Parameters!$A$12:$B$14,2,FALSE())) | J43: =IFERROR(IF(VLOOKUP(P43,Fossil_Shares!$J$3:$K$98,2,FALSE())="","EU27 fallback","Eurostat"),"EU27 fallback") | K43: =VLOOKUP(D43,Parameters!$A$18:$B$21,2,FALSE()) | L43: =IF(N43="YES",F43*H43,0) | M43: =L43*I43*K43 | N43: YES | P43: =C43&"|"&E43 | Q43: Corrugated/containerboard converter; recycled fibre — no virgin pulp
A44: 44375535 | B44: Cartiere Burgo SpA - Duino Mill | C44: Italy | D44: Integrated | E44: C17 | F44: 475001.89 | G44: ok | H44: =VLOOKUP(D44,Parameters!$A$5:$B$8,2,FALSE()) | I44: =IFERROR(IF(VLOOKUP(P44,Fossil_Shares!$J$3:$K$98,2,FALSE())="",VLOOKUP(E44,Parameters!$A$12:$B$14,2,FALSE()),VLOOKUP(P44,Fossil_Shares!$J$3:$K$98,2,FALSE())),VLOOKUP(E44,Parameters!$A$12:$B$14,2,FALSE())) | J44: =IFERROR(IF(VLOOKUP(P44,Fossil_Shares!$J$3:$K$98,2,FALSE())="","EU27 fallback","Eurostat"),"EU27 fallback") | K44: =VLOOKUP(D44,Parameters!$A$18:$B$21,2,FALSE()) | L44: =IF(N44="YES",F44*H44,0) | M44: =L44*I44*K44 | N44: YES | O44: NEEDS_VERIFICATION | P44: =C44&"|"&E44 | Q44: Duino (Mondi-acquired): containerboard with historical mechanical pulp — verify post-2023 Mondi config
A45: 44375534 | B45: Lucart Spa - Porcari | C45: Italy | D45: Tissue | E45: C17xP | F45: 980162.62 | G45: PROXY | H45: =VLOOKUP(D45,Parameters!$A$5:$B$8,2,FALSE()) | I45: =IFERROR(IF(VLOOKUP(P45,Fossil_Shares!$J$3:$K$98,2,FALSE())="",VLOOKUP(E45,Parameters!$A$12:$B$14,2,FALSE()),VLOOKUP(P45,Fossil_Shares!$J$3:$K$98,2,FALSE())),VLOOKUP(E45,Parameters!$A$12:$B$14,2,FALSE())) | J45: =IFERROR(IF(VLOOKUP(P45,Fossil_Shares!$J$3:$K$98,2,FALSE())="","EU27 fallback","Eurostat"),"EU27 fallback") | K45: =VLOOKUP(D45,Parameters!$A$18:$B$21,2,FALSE()) | L45: =IF(N45="YES",F45*H45,0) | M45: =L45*I45*K45 | N45: YES | P45: =C45&"|"&E45 | Q45: Lucart Porcari: tissue machines (TM12 etc.) + MG flexible packaging paper (EUWID; Lucart)
A46: 44375548 | B46: Smurfit Kappa Roermond Papier BV | C46: Netherlands | D46: Paper/Board | E46: C17xP | F46: 175142.37 | G46: ok | H46: =VLOOKUP(D46,Parameters!$A$5:$B$8,2,FALSE()) | I46: =IFERROR(IF(VLOOKUP(P46,Fossil_Shares!$J$3:$K$98,2,FALSE())="",VLOOKUP(E46,Parameters!$A$12:$B$14,2,FALSE()),VLOOKUP(P46,Fossil_Shares!$J$3:$K$98,2,FALSE())),VLOOKUP(E46,Parameters!$A$12:$B$14,2,FALSE())) | J46: =IFERROR(IF(VLOOKUP(P46,Fossil_Shares!$J$3:$K$98,2,FALSE())="","EU27 fallback","Eurostat"),"EU27 fallback") | K46: =VLOOKUP(D46,Parameters!$A$18:$B$21,2,FALSE()) | L46: =IF(N46="YES",F46*H46,0) | M46: =L46*I46*K46 | N46: YES | P46: =C46&"|"&E46 | Q46: Roermond: recycled containerboard/testliner; no virgin pulp
A47: 44375550 | B47: Norske Skog Skogn AS | C47: Norway | D47: Paper/Board | E47: C17xP | F47: 19790 | G47: PROXY | H47: =VLOOKUP(D47,Parameters!$A$5:$B$8,2,FALSE()) | I47: =IFERROR(IF(VLOOKUP(P47,Fossil_Shares!$J$3:$K$98,2,FALSE())="",VLOOKUP(E47,Parameters!$A$12:$B$14,2,FALSE()),VLOOKUP(P47,Fossil_Shares!$J$3:$K$98,2,FALSE())),VLOOKUP(E47,Parameters!$A$12:$B$14,2,FALSE())) | J47: =IFERROR(IF(VLOOKUP(P47,Fossil_Shares!$J$3:$K$98,2,FALSE())="","EU27 fallback","Eurostat"),"EU27 fallback") | K47: =VLOOKUP(D47,Parameters!$A$18:$B$21,2,FALSE()) | L47: =IF(N47="YES",F47*H47,0) | M47: =L47*I47*K47 | N47: YES | P47: =C47&"|"&E47 | Q47: Skogn: newsprint (TMP/recovered fibre); no chemical pulp line despite tag
A48: 44375551 | B48: Tofte Industrier AS | C48: Norway | D48: Pulp | E48: C1711 | F48: 24000 | G48: ok | H48: =VLOOKUP(D48,Parameters!$A$5:$B$8,2,FALSE()) | I48: =IFERROR(IF(VLOOKUP(P48,Fossil_Shares!$J$3:$K$98,2,FALSE())="",VLOOKUP(E48,Parameters!$A$12:$B$14,2,FALSE()),VLOOKUP(P48,Fossil_Shares!$J$3:$K$98,2,FALSE())),VLOOKUP(E48,Parameters!$A$12:$B$14,2,FALSE())) | J48: =IFERROR(IF(VLOOKUP(P48,Fossil_Shares!$J$3:$K$98,2,FALSE())="","EU27 fallback","Eurostat"),"EU27 fallback") | K48: =VLOOKUP(D48,Parameters!$A$18:$B$21,2,FALSE()) | L48: =IF(N48="YES",F48*H48,0) | M48: =L48*I48*K48 | N48: YES | O48: NEEDS_VERIFICATION | P48: =C48&"|"&E48 | Q48: Former Södra Cell Tofte kraft market pulp (closed 2013); verify reference-year status
A49: 44375546 | B49: Borregaard AS | C49: Norway | D49: Pulp | E49: C1711 | F49: 148763.11 | G49: PROXY | H49: =VLOOKUP(D49,Parameters!$A$5:$B$8,2,FALSE()) | I49: =IFERROR(IF(VLOOKUP(P49,Fossil_Shares!$J$3:$K$98,2,FALSE())="",VLOOKUP(E49,Parameters!$A$12:$B$14,2,FALSE()),VLOOKUP(P49,Fossil_Shares!$J$3:$K$98,2,FALSE())),VLOOKUP(E49,Parameters!$A$12:$B$14,2,FALSE())) | J49: =IFERROR(IF(VLOOKUP(P49,Fossil_Shares!$J$3:$K$98,2,FALSE())="","EU27 fallback","Eurostat"),"EU27 fallback") | K49: =VLOOKUP(D49,Parameters!$A$18:$B$21,2,FALSE()) | L49: =IF(N49="YES",F49*H49,0) | M49: =L49*I49*K49 | N49: YES | O49: COUNTRY_CORRECTED | P49: =C49&"|"&E49 | Q49: COUNTRY CORRECTED to NOR (Sarpsborg, Norway). Biorefinery: specialty/dissolving cellulose + lignin + vanillin; no paper (Borregaard)
A50: 44375552 | B50: Elopak AS | C50: Norway | D50: Paper/Board | E50: C17xP | G50: ok | H50: =VLOOKUP(D50,Parameters!$A$5:$B$8,2,FALSE()) | I50: =IFERROR(IF(VLOOKUP(P50,Fossil_Shares!$J$3:$K$98,2,FALSE())="",VLOOKUP(E50,Parameters!$A$12:$B$14,2,FALSE()),VLOOKUP(P50,Fossil_Shares!$J$3:$K$98,2,FALSE())),VLOOKUP(E50,Parameters!$A$12:$B$14,2,FALSE())) | J50: =IFERROR(IF(VLOOKUP(P50,Fossil_Shares!$J$3:$K$98,2,FALSE())="","EU27 fallback","Eurostat"),"EU27 fallback") | K50: =VLOOKUP(D50,Parameters!$A$18:$B$21,2,FALSE()) | L50: =IF(N50="YES",F50*H50,0) | M50: =L50*I50*K50 | N50: YES | O50: SOURCE_TYPE_ERROR | P50: =C50&"|"&E50 | Q50: MISLABELLED source_type: Elopak is a beverage carton converter, not a pulp producer — flag for removal
A51: 44375634 | B51: Schumacher Packaging Myszkow Pulp Mill | C51: Poland | D51: Paper/Board | E51: C17xP | F51: 466221.19 | G51: PROXY | H51: =VLOOKUP(D51,Parameters!$A$5:$B$8,2,FALSE()) | I51: =IFERROR(IF(VLOOKUP(P51,Fossil_Shares!$J$3:$K$98,2,FALSE())="",VLOOKUP(E51,Parameters!$A$12:$B$14,2,FALSE()),VLOOKUP(P51,Fossil_Shares!$J$3:$K$98,2,FALSE())),VLOOKUP(E51,Parameters!$A$12:$B$14,2,FALSE())) | J51: =IFERROR(IF(VLOOKUP(P51,Fossil_Shares!$J$3:$K$98,2,FALSE())="","EU27 fallback","Eurostat"),"EU27 fallback") | K51: =VLOOKUP(D51,Parameters!$A$18:$B$21,2,FALSE()) | L51: =IF(N51="YES",F51*H51,0) | M51: =L51*I51*K51 | N51: YES | P51: =C51&"|"&E51 | Q51: Schumacher: recycled containerboard/corrugated; mechanical tag = recovered-fibre prep
A52: 44375633 | B52: Global Cellulose Fibers - Gdansk Modified Fiber Plant - International Paper | C52: Poland | D52: Pulp | E52: C1711 | F52: 466221.19 | G52: PROXY | H52: =VLOOKUP(D52,Parameters!$A$5:$B$8,2,FALSE()) | I52: =IFERROR(IF(VLOOKUP(P52,Fossil_Shares!$J$3:$K$98,2,FALSE())="",VLOOKUP(E52,Parameters!$A$12:$B$14,2,FALSE()),VLOOKUP(P52,Fossil_Shares!$J$3:$K$98,2,FALSE())),VLOOKUP(E52,Parameters!$A$12:$B$14,2,FALSE())) | J52: =IFERROR(IF(VLOOKUP(P52,Fossil_Shares!$J$3:$K$98,2,FALSE())="","EU27 fallback","Eurostat"),"EU27 fallback") | K52: =VLOOKUP(D52,Parameters!$A$18:$B$21,2,FALSE()) | L52: =IF(N52="YES",F52*H52,0) | M52: =L52*I52*K52 | N52: YES | P52: =C52&"|"&E52 | Q52: Modified/fluff cellulose fibre finishing plant (IP/GCF); pulp-side operation, no papermaking
A53: 44375635 | B53: Mondi Świecie Pulp Mill | C53: Poland | D53: Integrated | E53: C17 | F53: 466221.19 | G53: PROXY | H53: =VLOOKUP(D53,Parameters!$A$5:$B$8,2,FALSE()) | I53: =IFERROR(IF(VLOOKUP(P53,Fossil_Shares!$J$3:$K$98,2,FALSE())="",VLOOKUP(E53,Parameters!$A$12:$B$14,2,FALSE()),VLOOKUP(P53,Fossil_Shares!$J$3:$K$98,2,FALSE())),VLOOKUP(E53,Parameters!$A$12:$B$14,2,FALSE())) | J53: =IFERROR(IF(VLOOKUP(P53,Fossil_Shares!$J$3:$K$98,2,FALSE())="","EU27 fallback","Eurostat"),"EU27 fallback") | K53: =VLOOKUP(D53,Parameters!$A$18:$B$21,2,FALSE()) | L53: =IF(N53="YES",F53*H53,0) | M53: =L53*I53*K53 | N53: YES | P53: =C53&"|"&E53 | Q53: Integrated kraft pulp + containerboard (chemical + mechanical/semi-chemical tags) (Mondi)
A54: 44375538 | B54: Mondi Świecie SA | C54: Poland | D54: Integrated | E54: C17 | F54: 603177 | G54: PROXY | H54: =VLOOKUP(D54,Parameters!$A$5:$B$8,2,FALSE()) | I54: =IFERROR(IF(VLOOKUP(P54,Fossil_Shares!$J$3:$K$98,2,FALSE())="",VLOOKUP(E54,Parameters!$A$12:$B$14,2,FALSE()),VLOOKUP(P54,Fossil_Shares!$J$3:$K$98,2,FALSE())),VLOOKUP(E54,Parameters!$A$12:$B$14,2,FALSE())) | J54: =IFERROR(IF(VLOOKUP(P54,Fossil_Shares!$J$3:$K$98,2,FALSE())="","EU27 fallback","Eurostat"),"EU27 fallback") | K54: =VLOOKUP(D54,Parameters!$A$18:$B$21,2,FALSE()) | L54: =IF(N54="YES",F54*H54,0) | M54: =L54*I54*K54 | N54: no | O54: DUPLICATE|COUNTRY_CORRECTED | P54: =C54&"|"&E54 | Q54: COUNTRY CORRECTED to POL (Świecie, Poland). Integrated kraft pulp + containerboard (Mondi) — duplicate of 44375635
A55: 44375636 | B55: Leirosa Bleached Eucalyptus Pulp Mill | C55: Portugal | D55: Pulp | E55: C1711 | F55: 102692.86 | G55: ok | H55: =VLOOKUP(D55,Parameters!$A$5:$B$8,2,FALSE()) | I55: =IFERROR(IF(VLOOKUP(P55,Fossil_Shares!$J$3:$K$98,2,FALSE())="",VLOOKUP(E55,Parameters!$A$12:$B$14,2,FALSE()),VLOOKUP(P55,Fossil_Shares!$J$3:$K$98,2,FALSE())),VLOOKUP(E55,Parameters!$A$12:$B$14,2,FALSE())) | J55: =IFERROR(IF(VLOOKUP(P55,Fossil_Shares!$J$3:$K$98,2,FALSE())="","EU27 fallback","Eurostat"),"EU27 fallback") | K55: =VLOOKUP(D55,Parameters!$A$18:$B$21,2,FALSE()) | L55: =IF(N55="YES",F55*H55,0) | M55: =L55*I55*K55 | N55: YES | P55: =C55&"|"&E55 | Q55: Celbi Leirosa (Altri): bleached eucalyptus market pulp; no paper
A56: 44375637 | B56: Celbi Caima Dissolving Pulp Mill | C56: Portugal | D56: Pulp | E56: C1711 | F56: 107360.71 | G56: ok | H56: =VLOOKUP(D56,Parameters!$A$5:$B$8,2,FALSE()) | I56: =IFERROR(IF(VLOOKUP(P56,Fossil_Shares!$J$3:$K$98,2,FALSE())="",VLOOKUP(E56,Parameters!$A$12:$B$14,2,FALSE()),VLOOKUP(P56,Fossil_Shares!$J$3:$K$98,2,FALSE())),VLOOKUP(E56,Parameters!$A$12:$B$14,2,FALSE())) | J56: =IFERROR(IF(VLOOKUP(P56,Fossil_Shares!$J$3:$K$98,2,FALSE())="","EU27 fallback","Eurostat"),"EU27 fallback") | K56: =VLOOKUP(D56,Parameters!$A$18:$B$21,2,FALSE()) | L56: =IF(N56="YES",F56*H56,0) | M56: =L56*I56*K56 | N56: YES | P56: =C56&"|"&E56 | Q56: Caima (Altri), Constância: dissolving acid-sulphite eucalyptus pulp; no paper
A57: 44375638 | B57: The Navigator Company - Cacia Pulp Mill | C57: Portugal | D57: Pulp | E57: C1711 | F57: 298742.86 | G57: ok | H57: =VLOOKUP(D57,Parameters!$A$5:$B$8,2,FALSE()) | I57: =IFERROR(IF(VLOOKUP(P57,Fossil_Shares!$J$3:$K$98,2,FALSE())="",VLOOKUP(E57,Parameters!$A$12:$B$14,2,FALSE()),VLOOKUP(P57,Fossil_Shares!$J$3:$K$98,2,FALSE())),VLOOKUP(E57,Parameters!$A$12:$B$14,2,FALSE())) | J57: =IFERROR(IF(VLOOKUP(P57,Fossil_Shares!$J$3:$K$98,2,FALSE())="","EU27 fallback","Eurostat"),"EU27 fallback") | K57: =VLOOKUP(D57,Parameters!$A$18:$B$21,2,FALSE()) | L57: =IF(N57="YES",F57*H57,0) | M57: =L57*I57*K57 | N57: YES | P57: =C57&"|"&E57 | Q57: Cacia: bleached eucalyptus kraft market pulp + new moulded-fibre packaging annex (Navigator; EUWID)
A58: 44375640 | B58: Fapajal - Fábrica de Papel do Tojal S.A. Pulp Mill | C58: Portugal | D58: Paper/Board | E58: C17xP | F58: 310879.29 | G58: ok | H58: =VLOOKUP(D58,Parameters!$A$5:$B$8,2,FALSE()) | I58: =IFERROR(IF(VLOOKUP(P58,Fossil_Shares!$J$3:$K$98,2,FALSE())="",VLOOKUP(E58,Parameters!$A$12:$B$14,2,FALSE()),VLOOKUP(P58,Fossil_Shares!$J$3:$K$98,2,FALSE())),VLOOKUP(E58,Parameters!$A$12:$B$14,2,FALSE())) | J58: =IFERROR(IF(VLOOKUP(P58,Fossil_Shares!$J$3:$K$98,2,FALSE())="","EU27 fallback","Eurostat"),"EU27 fallback") | K58: =VLOOKUP(D58,Parameters!$A$18:$B$21,2,FALSE()) | L58: =IF(N58="YES",F58*H58,0) | M58: =L58*I58*K58 | N58: YES | P58: =C58&"|"&E58 | Q58: Paper mill with semi-chemical fibre prep; primarily paper production
A59: 44375641 | B59: The Navigator Company - Setúbal Mill | C59: Portugal | D59: Integrated | E59: C17 | F59: 513464.29 | G59: ok | H59: =VLOOKUP(D59,Parameters!$A$5:$B$8,2,FALSE()) | I59: =IFERROR(IF(VLOOKUP(P59,Fossil_Shares!$J$3:$K$98,2,FALSE())="",VLOOKUP(E59,Parameters!$A$12:$B$14,2,FALSE()),VLOOKUP(P59,Fossil_Shares!$J$3:$K$98,2,FALSE())),VLOOKUP(E59,Parameters!$A$12:$B$14,2,FALSE())) | J59: =IFERROR(IF(VLOOKUP(P59,Fossil_Shares!$J$3:$K$98,2,FALSE())="","EU27 fallback","Eurostat"),"EU27 fallback") | K59: =VLOOKUP(D59,Parameters!$A$18:$B$21,2,FALSE()) | L59: =IF(N59="YES",F59*H59,0) | M59: =L59*I59*K59 | N59: YES | P59: =C59&"|"&E59 | Q59: Setúbal: integrated pulp + UWF paper + tissue complex with recovery boiler (Navigator; EIB)
A60: 44375639 | B60: Figueira da Foz BEKP Pulp and Paper Mill | C60: Portugal | D60: Integrated | E60: C17 | F60: 532135.71 | G60: ok | H60: =VLOOKUP(D60,Parameters!$A$5:$B$8,2,FALSE()) | I60: =IFERROR(IF(VLOOKUP(P60,Fossil_Shares!$J$3:$K$98,2,FALSE())="",VLOOKUP(E60,Parameters!$A$12:$B$14,2,FALSE()),VLOOKUP(P60,Fossil_Shares!$J$3:$K$98,2,FALSE())),VLOOKUP(E60,Parameters!$A$12:$B$14,2,FALSE())) | J60: =IFERROR(IF(VLOOKUP(P60,Fossil_Shares!$J$3:$K$98,2,FALSE())="","EU27 fallback","Eurostat"),"EU27 fallback") | K60: =VLOOKUP(D60,Parameters!$A$18:$B$21,2,FALSE()) | L60: =IF(N60="YES",F60*H60,0) | M60: =L60*I60*K60 | N60: YES | P60: =C60&"|"&E60 | Q60: Navigator Figueira da Foz: integrated bleached eucalyptus kraft pulp + UWF paper (Navigator; EIB)
A61: 44375556 | B61: Other Navigator mills | C61: Portugal | D61: Integrated | E61: C17 | G61: ok | H61: =VLOOKUP(D61,Parameters!$A$5:$B$8,2,FALSE()) | I61: =IFERROR(IF(VLOOKUP(P61,Fossil_Shares!$J$3:$K$98,2,FALSE())="",VLOOKUP(E61,Parameters!$A$12:$B$14,2,FALSE()),VLOOKUP(P61,Fossil_Shares!$J$3:$K$98,2,FALSE())),VLOOKUP(E61,Parameters!$A$12:$B$14,2,FALSE())) | J61: =IFERROR(IF(VLOOKUP(P61,Fossil_Shares!$J$3:$K$98,2,FALSE())="","EU27 fallback","Eurostat"),"EU27 fallback") | K61: =VLOOKUP(D61,Parameters!$A$18:$B$21,2,FALSE()) | L61: =IF(N61="YES",F61*H61,0) | M61: =L61*I61*K61 | N61: YES | O61: COUNTRY_CORRECTED | P61: =C61&"|"&E61 | Q61: COUNTRY CORRECTED to PRT. Aggregate/placeholder row for Navigator Portugal; Navigator is integrated pulp+paper+tissue
A62: 44375554 | B62: CELBI - Celulose Beira Industrial SA | C62: Portugal | D62: Pulp | E62: C1711 | G62: ok | H62: =VLOOKUP(D62,Parameters!$A$5:$B$8,2,FALSE()) | I62: =IFERROR(IF(VLOOKUP(P62,Fossil_Shares!$J$3:$K$98,2,FALSE())="",VLOOKUP(E62,Parameters!$A$12:$B$14,2,FALSE()),VLOOKUP(P62,Fossil_Shares!$J$3:$K$98,2,FALSE())),VLOOKUP(E62,Parameters!$A$12:$B$14,2,FALSE())) | J62: =IFERROR(IF(VLOOKUP(P62,Fossil_Shares!$J$3:$K$98,2,FALSE())="","EU27 fallback","Eurostat"),"EU27 fallback") | K62: =VLOOKUP(D62,Parameters!$A$18:$B$21,2,FALSE()) | L62: =IF(N62="YES",F62*H62,0) | M62: =L62*I62*K62 | N62: YES | O62: COUNTRY_CORRECTED | P62: =C62&"|"&E62 | Q62: COUNTRY CORRECTED to PRT (Figueira da Foz/Leirosa). Altri/Celbi bleached eucalyptus market pulp — relates to 44375636
A63: 44375555 | B63: Fapajal SA | C63: Portugal | D63: Paper/Board | E63: C17xP | G63: ok | H63: =VLOOKUP(D63,Parameters!$A$5:$B$8,2,FALSE()) | I63: =IFERROR(IF(VLOOKUP(P63,Fossil_Shares!$J$3:$K$98,2,FALSE())="",VLOOKUP(E63,Parameters!$A$12:$B$14,2,FALSE()),VLOOKUP(P63,Fossil_Shares!$J$3:$K$98,2,FALSE())),VLOOKUP(E63,Parameters!$A$12:$B$14,2,FALSE())) | J63: =IFERROR(IF(VLOOKUP(P63,Fossil_Shares!$J$3:$K$98,2,FALSE())="","EU27 fallback","Eurostat"),"EU27 fallback") | K63: =VLOOKUP(D63,Parameters!$A$18:$B$21,2,FALSE()) | L63: =IF(N63="YES",F63*H63,0) | M63: =L63*I63*K63 | N63: no | O63: DUPLICATE|COUNTRY_CORRECTED | P63: =C63&"|"&E63 | Q63: COUNTRY CORRECTED to PRT (Tojal). Paper mill (semi-chemical fibre prep) — duplicate of 44375640
A64: 44375649 | B64: Mondi SCP Pulp Mill | C64: Slovakia | D64: Integrated | E64: C17 | F64: 93244.237 | G64: ok | H64: =VLOOKUP(D64,Parameters!$A$5:$B$8,2,FALSE()) | I64: =IFERROR(IF(VLOOKUP(P64,Fossil_Shares!$J$3:$K$98,2,FALSE())="",VLOOKUP(E64,Parameters!$A$12:$B$14,2,FALSE()),VLOOKUP(P64,Fossil_Shares!$J$3:$K$98,2,FALSE())),VLOOKUP(E64,Parameters!$A$12:$B$14,2,FALSE())) | J64: =IFERROR(IF(VLOOKUP(P64,Fossil_Shares!$J$3:$K$98,2,FALSE())="","EU27 fallback","Eurostat"),"EU27 fallback") | K64: =VLOOKUP(D64,Parameters!$A$18:$B$21,2,FALSE()) | L64: =IF(N64="YES",F64*H64,0) | M64: =L64*I64*K64 | N64: YES | P64: =C64&"|"&E64 | Q64: Ružomberok: Mondi's largest integrated pulp+paper mill in Slovakia (UWF + kraft pulp) (Mondi)
A65: 44375648 | B65: Bukocel a.s. Pulpmill - Bukóza Holding Pulp Mill | C65: Slovakia | D65: Pulp | E65: C1711 | F65: 139866.36 | G65: ok | H65: =VLOOKUP(D65,Parameters!$A$5:$B$8,2,FALSE()) | I65: =IFERROR(IF(VLOOKUP(P65,Fossil_Shares!$J$3:$K$98,2,FALSE())="",VLOOKUP(E65,Parameters!$A$12:$B$14,2,FALSE()),VLOOKUP(P65,Fossil_Shares!$J$3:$K$98,2,FALSE())),VLOOKUP(E65,Parameters!$A$12:$B$14,2,FALSE())) | J65: =IFERROR(IF(VLOOKUP(P65,Fossil_Shares!$J$3:$K$98,2,FALSE())="","EU27 fallback","Eurostat"),"EU27 fallback") | K65: =VLOOKUP(D65,Parameters!$A$18:$B$21,2,FALSE()) | L65: =IF(N65="YES",F65*H65,0) | M65: =L65*I65*K65 | N65: YES | O65: NEEDS_VERIFICATION | P65: =C65&"|"&E65 | Q65: Bukocel (Hencovce): kraft market pulp; Bukóza group has separate paper ops — verify integration
A66: 44375650 | B66: VIPAP VIDEM KRŠKO d.d. Pulp Mill | C66: Slovenia | D66: Integrated | E66: C17 | F66: 46622.119 | G66: ok | H66: =VLOOKUP(D66,Parameters!$A$5:$B$8,2,FALSE()) | I66: =IFERROR(IF(VLOOKUP(P66,Fossil_Shares!$J$3:$K$98,2,FALSE())="",VLOOKUP(E66,Parameters!$A$12:$B$14,2,FALSE()),VLOOKUP(P66,Fossil_Shares!$J$3:$K$98,2,FALSE())),VLOOKUP(E66,Parameters!$A$12:$B$14,2,FALSE())) | J66: =IFERROR(IF(VLOOKUP(P66,Fossil_Shares!$J$3:$K$98,2,FALSE())="","EU27 fallback","Eurostat"),"EU27 fallback") | K66: =VLOOKUP(D66,Parameters!$A$18:$B$21,2,FALSE()) | L66: =IF(N66="YES",F66*H66,0) | M66: =L66*I66*K66 | N66: YES | O66: NEEDS_VERIFICATION | P66: =C66&"|"&E66 | Q66: Krško: newsprint/graphic paper with on-site mechanical/semi-chemical pulp + RCF — verify current ops
A67: 44375518 | B67: Grupo Empresarial ENCE S.A. División de Celulosa - Pulp Mill Pontevedra | C67: Spain | D67: Pulp | E67: C1711 | F67: 271688.33 | G67: ok | H67: =VLOOKUP(D67,Parameters!$A$5:$B$8,2,FALSE()) | I67: =IFERROR(IF(VLOOKUP(P67,Fossil_Shares!$J$3:$K$98,2,FALSE())="",VLOOKUP(E67,Parameters!$A$12:$B$14,2,FALSE()),VLOOKUP(P67,Fossil_Shares!$J$3:$K$98,2,FALSE())),VLOOKUP(E67,Parameters!$A$12:$B$14,2,FALSE())) | J67: =IFERROR(IF(VLOOKUP(P67,Fossil_Shares!$J$3:$K$98,2,FALSE())="","EU27 fallback","Eurostat"),"EU27 fallback") | K67: =VLOOKUP(D67,Parameters!$A$18:$B$21,2,FALSE()) | L67: =IF(N67="YES",F67*H67,0) | M67: =L67*I67*K67 | N67: YES | P67: =C67&"|"&E67 | Q67: ENCE eucalyptus market pulp mill; no papermaking (ENCE company)
A68: 44375519 | B68: Grupo Empresarial ENCE S.A. División de Celulosa - Pulp Mill Navia | C68: Spain | D68: Pulp | E68: C1711 | F68: 361371.86 | G68: ok | H68: =VLOOKUP(D68,Parameters!$A$5:$B$8,2,FALSE()) | I68: =IFERROR(IF(VLOOKUP(P68,Fossil_Shares!$J$3:$K$98,2,FALSE())="",VLOOKUP(E68,Parameters!$A$12:$B$14,2,FALSE()),VLOOKUP(P68,Fossil_Shares!$J$3:$K$98,2,FALSE())),VLOOKUP(E68,Parameters!$A$12:$B$14,2,FALSE())) | J68: =IFERROR(IF(VLOOKUP(P68,Fossil_Shares!$J$3:$K$98,2,FALSE())="","EU27 fallback","Eurostat"),"EU27 fallback") | K68: =VLOOKUP(D68,Parameters!$A$18:$B$21,2,FALSE()) | L68: =IF(N68="YES",F68*H68,0) | M68: =L68*I68*K68 | N68: YES | P68: =C68&"|"&E68 | Q68: ENCE eucalyptus market pulp mill; no papermaking (ENCE company)
A69: 44375525 | B69: Smurfit Kappa Nervión Pulp Mill | C69: Spain | D69: Integrated | E69: C17 | F69: 485789.47 | G69: PROXY | H69: =VLOOKUP(D69,Parameters!$A$5:$B$8,2,FALSE()) | I69: =IFERROR(IF(VLOOKUP(P69,Fossil_Shares!$J$3:$K$98,2,FALSE())="",VLOOKUP(E69,Parameters!$A$12:$B$14,2,FALSE()),VLOOKUP(P69,Fossil_Shares!$J$3:$K$98,2,FALSE())),VLOOKUP(E69,Parameters!$A$12:$B$14,2,FALSE())) | J69: =IFERROR(IF(VLOOKUP(P69,Fossil_Shares!$J$3:$K$98,2,FALSE())="","EU27 fallback","Eurostat"),"EU27 fallback") | K69: =VLOOKUP(D69,Parameters!$A$18:$B$21,2,FALSE()) | L69: =IF(N69="YES",F69*H69,0) | M69: =L69*I69*K69 | N69: YES | O69: COUNTRY_CORRECTED | P69: =C69&"|"&E69 | Q69: COUNTRY CORRECTED to ESP (Iurreta, Basque Country). Integrated sack kraft paper + pulp (Smurfit Kappa; EUWID)
A70: 44375544 | B70: Smurfit Kappa Piteå | C70: Sweden | D70: Integrated | E70: C17 | F70: 148763.11 | G70: PROXY | H70: =VLOOKUP(D70,Parameters!$A$5:$B$8,2,FALSE()) | I70: =IFERROR(IF(VLOOKUP(P70,Fossil_Shares!$J$3:$K$98,2,FALSE())="",VLOOKUP(E70,Parameters!$A$12:$B$14,2,FALSE()),VLOOKUP(P70,Fossil_Shares!$J$3:$K$98,2,FALSE())),VLOOKUP(E70,Parameters!$A$12:$B$14,2,FALSE())) | J70: =IFERROR(IF(VLOOKUP(P70,Fossil_Shares!$J$3:$K$98,2,FALSE())="","EU27 fallback","Eurostat"),"EU27 fallback") | K70: =VLOOKUP(D70,Parameters!$A$18:$B$21,2,FALSE()) | L70: =IF(N70="YES",F70*H70,0) | M70: =L70*I70*K70 | N70: YES | O70: COUNTRY_CORRECTED | P70: =C70&"|"&E70 | Q70: COUNTRY CORRECTED to SWE (Piteå, Sweden). Europe's largest kraftliner mill: integrated softwood+hardwood kraft pulp + kraftliner (Valmet)
A71: 44375547 | B71: SCA Ortviken | C71: Sweden | D71: Pulp | E71: C1711 | F71: 158885.4 | G71: ok | H71: =VLOOKUP(D71,Parameters!$A$5:$B$8,2,FALSE()) | I71: =IFERROR(IF(VLOOKUP(P71,Fossil_Shares!$J$3:$K$98,2,FALSE())="",VLOOKUP(E71,Parameters!$A$12:$B$14,2,FALSE()),VLOOKUP(P71,Fossil_Shares!$J$3:$K$98,2,FALSE())),VLOOKUP(E71,Parameters!$A$12:$B$14,2,FALSE())) | J71: =IFERROR(IF(VLOOKUP(P71,Fossil_Shares!$J$3:$K$98,2,FALSE())="","EU27 fallback","Eurostat"),"EU27 fallback") | K71: =VLOOKUP(D71,Parameters!$A$18:$B$21,2,FALSE()) | L71: =IF(N71="YES",F71*H71,0) | M71: =L71*I71*K71 | N71: no | O71: COUNTRY_CORRECTED | P71: =C71&"|"&E71 | Q71: COUNTRY CORRECTED to SWE (Sundsvall). Graphic PMs closed 2021; converted to CTMP/pulp production — see also 44375659
A72: 44375653 | B72: Stora Enso Consumer Board Fors Mill | C72: Sweden | D72: Integrated | E72: C17 | F72: 162131.66 | G72: ok | H72: =VLOOKUP(D72,Parameters!$A$5:$B$8,2,FALSE()) | I72: =IFERROR(IF(VLOOKUP(P72,Fossil_Shares!$J$3:$K$98,2,FALSE())="",VLOOKUP(E72,Parameters!$A$12:$B$14,2,FALSE()),VLOOKUP(P72,Fossil_Shares!$J$3:$K$98,2,FALSE())),VLOOKUP(E72,Parameters!$A$12:$B$14,2,FALSE())) | J72: =IFERROR(IF(VLOOKUP(P72,Fossil_Shares!$J$3:$K$98,2,FALSE())="","EU27 fallback","Eurostat"),"EU27 fallback") | K72: =VLOOKUP(D72,Parameters!$A$18:$B$21,2,FALSE()) | L72: =IF(N72="YES",F72*H72,0) | M72: =L72*I72*K72 | N72: YES | P72: =C72&"|"&E72 | Q72: Fors: consumer/liquid packaging board with integrated mechanical/chemical pulp (Stora Enso)
A73: 44375542 | B73: Abifor AB - Rottneros Group | C73: Sweden | D73: Pulp | E73: C1711 | F73: 187258.46 | G73: ok | H73: =VLOOKUP(D73,Parameters!$A$5:$B$8,2,FALSE()) | I73: =IFERROR(IF(VLOOKUP(P73,Fossil_Shares!$J$3:$K$98,2,FALSE())="",VLOOKUP(E73,Parameters!$A$12:$B$14,2,FALSE()),VLOOKUP(P73,Fossil_Shares!$J$3:$K$98,2,FALSE())),VLOOKUP(E73,Parameters!$A$12:$B$14,2,FALSE())) | J73: =IFERROR(IF(VLOOKUP(P73,Fossil_Shares!$J$3:$K$98,2,FALSE())="","EU27 fallback","Eurostat"),"EU27 fallback") | K73: =VLOOKUP(D73,Parameters!$A$18:$B$21,2,FALSE()) | L73: =IF(N73="YES",F73*H73,0) | M73: =L73*I73*K73 | N73: no | O73: COUNTRY_CORRECTED | P73: =C73&"|"&E73 | Q73: COUNTRY CORRECTED to SWE. Rottneros: mechanical/CTMP market pulp
A74: 44375651 | B74: Nordic Paper | C74: Sweden | D74: Paper/Board | E74: C17xP | F74: 201569.08 | G74: ok | H74: =VLOOKUP(D74,Parameters!$A$5:$B$8,2,FALSE()) | I74: =IFERROR(IF(VLOOKUP(P74,Fossil_Shares!$J$3:$K$98,2,FALSE())="",VLOOKUP(E74,Parameters!$A$12:$B$14,2,FALSE()),VLOOKUP(P74,Fossil_Shares!$J$3:$K$98,2,FALSE())),VLOOKUP(E74,Parameters!$A$12:$B$14,2,FALSE())) | J74: =IFERROR(IF(VLOOKUP(P74,Fossil_Shares!$J$3:$K$98,2,FALSE())="","EU27 fallback","Eurostat"),"EU27 fallback") | K74: =VLOOKUP(D74,Parameters!$A$18:$B$21,2,FALSE()) | L74: =IF(N74="YES",F74*H74,0) | M74: =L74*I74*K74 | N74: YES | O74: NEEDS_VERIFICATION | P74: =C74&"|"&E74 | Q74: Nordic Paper: kraft & greaseproof papers; some sites have unbleached kraft pulp (Bäckhammar) — verify which mill
A75: 44375659 | B75: SCA Ortviken Pulp Mill | C75: Sweden | D75: Pulp | E75: C1711 | F75: 262916.2 | G75: ok | H75: =VLOOKUP(D75,Parameters!$A$5:$B$8,2,FALSE()) | I75: =IFERROR(IF(VLOOKUP(P75,Fossil_Shares!$J$3:$K$98,2,FALSE())="",VLOOKUP(E75,Parameters!$A$12:$B$14,2,FALSE()),VLOOKUP(P75,Fossil_Shares!$J$3:$K$98,2,FALSE())),VLOOKUP(E75,Parameters!$A$12:$B$14,2,FALSE())) | J75: =IFERROR(IF(VLOOKUP(P75,Fossil_Shares!$J$3:$K$98,2,FALSE())="","EU27 fallback","Eurostat"),"EU27 fallback") | K75: =VLOOKUP(D75,Parameters!$A$18:$B$21,2,FALSE()) | L75: =IF(N75="YES",F75*H75,0) | M75: =L75*I75*K75 | N75: YES | P75: =C75&"|"&E75 | Q75: Post-2021 converted from publication paper to CTMP/pulp; treat as Pulp (current) — relates to 44375547
A76: 44375657 | B76: Sylvamo Nymölla Mill - Sylvamo Pulp Mill | C76: Sweden | D76: Integrated | E76: C17 | F76: 297971.69 | G76: ok | H76: =VLOOKUP(D76,Parameters!$A$5:$B$8,2,FALSE()) | I76: =IFERROR(IF(VLOOKUP(P76,Fossil_Shares!$J$3:$K$98,2,FALSE())="",VLOOKUP(E76,Parameters!$A$12:$B$14,2,FALSE()),VLOOKUP(P76,Fossil_Shares!$J$3:$K$98,2,FALSE())),VLOOKUP(E76,Parameters!$A$12:$B$14,2,FALSE())) | J76: =IFERROR(IF(VLOOKUP(P76,Fossil_Shares!$J$3:$K$98,2,FALSE())="","EU27 fallback","Eurostat"),"EU27 fallback") | K76: =VLOOKUP(D76,Parameters!$A$18:$B$21,2,FALSE()) | L76: =IF(N76="YES",F76*H76,0) | M76: =L76*I76*K76 | N76: YES | P76: =C76&"|"&E76 | Q76: Nymölla: integrated kraft pulp + uncoated woodfree paper (Sylvamo)
A77: 44375652 | B77: Domsjö Fabriker AB | C77: Sweden | D77: Pulp | E77: C1711 | F77: 324263.31 | G77: ok | H77: =VLOOKUP(D77,Parameters!$A$5:$B$8,2,FALSE()) | I77: =IFERROR(IF(VLOOKUP(P77,Fossil_Shares!$J$3:$K$98,2,FALSE())="",VLOOKUP(E77,Parameters!$A$12:$B$14,2,FALSE()),VLOOKUP(P77,Fossil_Shares!$J$3:$K$98,2,FALSE())),VLOOKUP(E77,Parameters!$A$12:$B$14,2,FALSE())) | J77: =IFERROR(IF(VLOOKUP(P77,Fossil_Shares!$J$3:$K$98,2,FALSE())="","EU27 fallback","Eurostat"),"EU27 fallback") | K77: =VLOOKUP(D77,Parameters!$A$18:$B$21,2,FALSE()) | L77: =IF(N77="YES",F77*H77,0) | M77: =L77*I77*K77 | N77: YES | P77: =C77&"|"&E77 | Q77: Örnsköldsvik biorefinery: dissolving cellulose + lignin + bioethanol; no paper (Domsjö/Aditya Birla; Wikipedia)
A78: 44375655 | B78: Södra Cell AB - Södra Cell Mörrum | C78: Sweden | D78: Pulp | E78: C1711 | F78: 411902.04 | G78: ok | H78: =VLOOKUP(D78,Parameters!$A$5:$B$8,2,FALSE()) | I78: =IFERROR(IF(VLOOKUP(P78,Fossil_Shares!$J$3:$K$98,2,FALSE())="",VLOOKUP(E78,Parameters!$A$12:$B$14,2,FALSE()),VLOOKUP(P78,Fossil_Shares!$J$3:$K$98,2,FALSE())),VLOOKUP(E78,Parameters!$A$12:$B$14,2,FALSE())) | J78: =IFERROR(IF(VLOOKUP(P78,Fossil_Shares!$J$3:$K$98,2,FALSE())="","EU27 fallback","Eurostat"),"EU27 fallback") | K78: =VLOOKUP(D78,Parameters!$A$18:$B$21,2,FALSE()) | L78: =IF(N78="YES",F78*H78,0) | M78: =L78*I78*K78 | N78: YES | P78: =C78&"|"&E78 | Q78: Market paper pulp 300kt softwood + dissolving pulp 170kt hardwood; no paper (Södra)
A79: 44375658 | B79: Stora Enso Packaging Boards Skoghall Mill - Udden | C79: Sweden | D79: Integrated | E79: C17 | F79: 569651.76 | G79: ok | H79: =VLOOKUP(D79,Parameters!$A$5:$B$8,2,FALSE()) | I79: =IFERROR(IF(VLOOKUP(P79,Fossil_Shares!$J$3:$K$98,2,FALSE())="",VLOOKUP(E79,Parameters!$A$12:$B$14,2,FALSE()),VLOOKUP(P79,Fossil_Shares!$J$3:$K$98,2,FALSE())),VLOOKUP(E79,Parameters!$A$12:$B$14,2,FALSE())) | J79: =IFERROR(IF(VLOOKUP(P79,Fossil_Shares!$J$3:$K$98,2,FALSE())="","EU27 fallback","Eurostat"),"EU27 fallback") | K79: =VLOOKUP(D79,Parameters!$A$18:$B$21,2,FALSE()) | L79: =IF(N79="YES",F79*H79,0) | M79: =L79*I79*K79 | N79: YES | P79: =C79&"|"&E79 | Q79: Skoghall: integrated board + on-site mechanical/chemical pulp for liquid packaging board (Stora Enso)
A80: 44375662 | B80: Södra Cell Värö | C80: Sweden | D80: Pulp | E80: C1711 | F80: 613471.13 | G80: ok | H80: =VLOOKUP(D80,Parameters!$A$5:$B$8,2,FALSE()) | I80: =IFERROR(IF(VLOOKUP(P80,Fossil_Shares!$J$3:$K$98,2,FALSE())="",VLOOKUP(E80,Parameters!$A$12:$B$14,2,FALSE()),VLOOKUP(P80,Fossil_Shares!$J$3:$K$98,2,FALSE())),VLOOKUP(E80,Parameters!$A$12:$B$14,2,FALSE())) | J80: =IFERROR(IF(VLOOKUP(P80,Fossil_Shares!$J$3:$K$98,2,FALSE())="","EU27 fallback","Eurostat"),"EU27 fallback") | K80: =VLOOKUP(D80,Parameters!$A$18:$B$21,2,FALSE()) | L80: =IF(N80="YES",F80*H80,0) | M80: =L80*I80*K80 | N80: no | O80: DUPLICATE | P80: =C80&"|"&E80 | Q80: Duplicate of 44375661 — Värö market pulp 760kt/yr
A81: 44375654 | B81: Södra Cell AB - Södra Cell Mönsterås | C81: Sweden | D81: Pulp | E81: C1711 | F81: 657290.49 | G81: ok | H81: =VLOOKUP(D81,Parameters!$A$5:$B$8,2,FALSE()) | I81: =IFERROR(IF(VLOOKUP(P81,Fossil_Shares!$J$3:$K$98,2,FALSE())="",VLOOKUP(E81,Parameters!$A$12:$B$14,2,FALSE()),VLOOKUP(P81,Fossil_Shares!$J$3:$K$98,2,FALSE())),VLOOKUP(E81,Parameters!$A$12:$B$14,2,FALSE())) | J81: =IFERROR(IF(VLOOKUP(P81,Fossil_Shares!$J$3:$K$98,2,FALSE())="","EU27 fallback","Eurostat"),"EU27 fallback") | K81: =VLOOKUP(D81,Parameters!$A$18:$B$21,2,FALSE()) | L81: =IF(N81="YES",F81*H81,0) | M81: =L81*I81*K81 | N81: YES | O81: DUPLICATE | P81: =C81&"|"&E81 | Q81: Softwood+hardwood market pulp 750kt/yr (Södra; Valmet); duplicate of 44375553
A82: 44375661 | B82: Södra Cell AB - Södra Cell Värö | C82: Sweden | D82: Pulp | E82: C1711 | F82: 666054.37 | G82: PROXY | H82: =VLOOKUP(D82,Parameters!$A$5:$B$8,2,FALSE()) | I82: =IFERROR(IF(VLOOKUP(P82,Fossil_Shares!$J$3:$K$98,2,FALSE())="",VLOOKUP(E82,Parameters!$A$12:$B$14,2,FALSE()),VLOOKUP(P82,Fossil_Shares!$J$3:$K$98,2,FALSE())),VLOOKUP(E82,Parameters!$A$12:$B$14,2,FALSE())) | J82: =IFERROR(IF(VLOOKUP(P82,Fossil_Shares!$J$3:$K$98,2,FALSE())="","EU27 fallback","Eurostat"),"EU27 fallback") | K82: =VLOOKUP(D82,Parameters!$A$18:$B$21,2,FALSE()) | L82: =IF(N82="YES",F82*H82,0) | M82: =L82*I82*K82 | N82: YES | P82: =C82&"|"&E82 | Q82: ECF softwood market pulp 760kt/yr; no paper (Södra)
A83: 44375663 | B83: Södra Cell Virkesvägen 1 | C83: Sweden | D83: Pulp | E83: C1711 | F83: 666054.37 | G83: PROXY | H83: =VLOOKUP(D83,Parameters!$A$5:$B$8,2,FALSE()) | I83: =IFERROR(IF(VLOOKUP(P83,Fossil_Shares!$J$3:$K$98,2,FALSE())="",VLOOKUP(E83,Parameters!$A$12:$B$14,2,FALSE()),VLOOKUP(P83,Fossil_Shares!$J$3:$K$98,2,FALSE())),VLOOKUP(E83,Parameters!$A$12:$B$14,2,FALSE())) | J83: =IFERROR(IF(VLOOKUP(P83,Fossil_Shares!$J$3:$K$98,2,FALSE())="","EU27 fallback","Eurostat"),"EU27 fallback") | K83: =VLOOKUP(D83,Parameters!$A$18:$B$21,2,FALSE()) | L83: =IF(N83="YES",F83*H83,0) | M83: =L83*I83*K83 | N83: no | O83: DUPLICATE | P83: =C83&"|"&E83 | Q83: Address-style duplicate of a Södra Cell mill (likely Mönsterås or Värö) — de-duplicate
A84: 44375660 | B84: SCA Massa Östrand massafabrik SCA Graphic Sundsvall AB Pulp Mill | C84: Sweden | D84: Pulp | E84: C1711 | F84: 788748.59 | G84: ok | H84: =VLOOKUP(D84,Parameters!$A$5:$B$8,2,FALSE()) | I84: =IFERROR(IF(VLOOKUP(P84,Fossil_Shares!$J$3:$K$98,2,FALSE())="",VLOOKUP(E84,Parameters!$A$12:$B$14,2,FALSE()),VLOOKUP(P84,Fossil_Shares!$J$3:$K$98,2,FALSE())),VLOOKUP(E84,Parameters!$A$12:$B$14,2,FALSE())) | J84: =IFERROR(IF(VLOOKUP(P84,Fossil_Shares!$J$3:$K$98,2,FALSE())="","EU27 fallback","Eurostat"),"EU27 fallback") | K84: =VLOOKUP(D84,Parameters!$A$18:$B$21,2,FALSE()) | L84: =IF(N84="YES",F84*H84,0) | M84: =L84*I84*K84 | N84: YES | P84: =C84&"|"&E84 | Q84: SCA Östrand: greatly expanded bleached kraft market pulp mill ~1Mt — Massa=pulp in Swedish
A85: 44375559 | B85: Holmen Paper Hallstavik | C85: Sweden | D85: Paper/Board | E85: C17xP | G85: ok | H85: =VLOOKUP(D85,Parameters!$A$5:$B$8,2,FALSE()) | I85: =IFERROR(IF(VLOOKUP(P85,Fossil_Shares!$J$3:$K$98,2,FALSE())="",VLOOKUP(E85,Parameters!$A$12:$B$14,2,FALSE()),VLOOKUP(P85,Fossil_Shares!$J$3:$K$98,2,FALSE())),VLOOKUP(E85,Parameters!$A$12:$B$14,2,FALSE())) | J85: =IFERROR(IF(VLOOKUP(P85,Fossil_Shares!$J$3:$K$98,2,FALSE())="","EU27 fallback","Eurostat"),"EU27 fallback") | K85: =VLOOKUP(D85,Parameters!$A$18:$B$21,2,FALSE()) | L85: =IF(N85="YES",F85*H85,0) | M85: =L85*I85*K85 | N85: YES | O85: COUNTRY_CORRECTED | P85: =C85&"|"&E85 | Q85: COUNTRY CORRECTED to SWE (Hallstavik). Newsprint/book paper (TMP/groundwood); no chemical pulp line
A86: 44375560 | B86: Rottneros Bruk AB | C86: Sweden | D86: Pulp | E86: C1711 | G86: ok | H86: =VLOOKUP(D86,Parameters!$A$5:$B$8,2,FALSE()) | I86: =IFERROR(IF(VLOOKUP(P86,Fossil_Shares!$J$3:$K$98,2,FALSE())="",VLOOKUP(E86,Parameters!$A$12:$B$14,2,FALSE()),VLOOKUP(P86,Fossil_Shares!$J$3:$K$98,2,FALSE())),VLOOKUP(E86,Parameters!$A$12:$B$14,2,FALSE())) | J86: =IFERROR(IF(VLOOKUP(P86,Fossil_Shares!$J$3:$K$98,2,FALSE())="","EU27 fallback","Eurostat"),"EU27 fallback") | K86: =VLOOKUP(D86,Parameters!$A$18:$B$21,2,FALSE()) | L86: =IF(N86="YES",F86*H86,0) | M86: =L86*I86*K86 | N86: YES | O86: COUNTRY_CORRECTED | P86: =C86&"|"&E86 | Q86: COUNTRY CORRECTED to SWE. Rottneros: mechanical/CTMP market pulp
A87: 44375553 | B87: Södra Cell Mönsterås | C87: Sweden | D87: Pulp | E87: C1711 | G87: ok | H87: =VLOOKUP(D87,Parameters!$A$5:$B$8,2,FALSE()) | I87: =IFERROR(IF(VLOOKUP(P87,Fossil_Shares!$J$3:$K$98,2,FALSE())="",VLOOKUP(E87,Parameters!$A$12:$B$14,2,FALSE()),VLOOKUP(P87,Fossil_Shares!$J$3:$K$98,2,FALSE())),VLOOKUP(E87,Parameters!$A$12:$B$14,2,FALSE())) | J87: =IFERROR(IF(VLOOKUP(P87,Fossil_Shares!$J$3:$K$98,2,FALSE())="","EU27 fallback","Eurostat"),"EU27 fallback") | K87: =VLOOKUP(D87,Parameters!$A$18:$B$21,2,FALSE()) | L87: =IF(N87="YES",F87*H87,0) | M87: =L87*I87*K87 | N87: no | O87: DUPLICATE|COUNTRY_CORRECTED | P87: =C87&"|"&E87 | Q87: COUNTRY CORRECTED to SWE. Södra Cell Mönsterås: softwood+hardwood market pulp 750kt/yr — duplicate of 44375654
A88: 44375549 | B88: Smurfit Kappa Townsend Hook | C88: United Kingdom | D88: Paper/Board | E88: C17xP | F88: 19790 | G88: PROXY | H88: =VLOOKUP(D88,Parameters!$A$5:$B$8,2,FALSE()) | I88: =IFERROR(IF(VLOOKUP(P88,Fossil_Shares!$J$3:$K$98,2,FALSE())="",VLOOKUP(E88,Parameters!$A$12:$B$14,2,FALSE()),VLOOKUP(P88,Fossil_Shares!$J$3:$K$98,2,FALSE())),VLOOKUP(E88,Parameters!$A$12:$B$14,2,FALSE())) | J88: =IFERROR(IF(VLOOKUP(P88,Fossil_Shares!$J$3:$K$98,2,FALSE())="","EU27 fallback","Eurostat"),"EU27 fallback") | K88: =VLOOKUP(D88,Parameters!$A$18:$B$21,2,FALSE()) | L88: =IF(N88="YES",F88*H88,0) | M88: =L88*I88*K88 | N88: YES | O88: COUNTRY_CORRECTED | P88: =C88&"|"&E88 | Q88: COUNTRY CORRECTED to GBR (Snodland, Kent). Recycled containerboard — outside EU scope
A89: 44375545 | B89: Iggesund Paperboard Workington | C89: United Kingdom | D89: Integrated | E89: C17 | F89: 148763.11 | G89: PROXY | H89: =VLOOKUP(D89,Parameters!$A$5:$B$8,2,FALSE()) | I89: =IFERROR(IF(VLOOKUP(P89,Fossil_Shares!$J$3:$K$98,2,FALSE())="",VLOOKUP(E89,Parameters!$A$12:$B$14,2,FALSE()),VLOOKUP(P89,Fossil_Shares!$J$3:$K$98,2,FALSE())),VLOOKUP(E89,Parameters!$A$12:$B$14,2,FALSE())) | J89: =IFERROR(IF(VLOOKUP(P89,Fossil_Shares!$J$3:$K$98,2,FALSE())="","EU27 fallback","Eurostat"),"EU27 fallback") | K89: =VLOOKUP(D89,Parameters!$A$18:$B$21,2,FALSE()) | L89: =IF(N89="YES",F89*H89,0) | M89: =L89*I89*K89 | N89: YES | O89: COUNTRY_CORRECTED | P89: =C89&"|"&E89 | Q89: COUNTRY CORRECTED to GBR (Workington, UK). Integrated: mechanical pulp + purchased chem pulp → Incada FBB board (Iggesund/Holmen)
A90: 44375541 | B90: UPM Blandin Paper Company | C90: United States | D90: Paper/Board | E90: C17xP | F90: 73766.212 | G90: ok | H90: =VLOOKUP(D90,Parameters!$A$5:$B$8,2,FALSE()) | I90: =IFERROR(IF(VLOOKUP(P90,Fossil_Shares!$J$3:$K$98,2,FALSE())="",VLOOKUP(E90,Parameters!$A$12:$B$14,2,FALSE()),VLOOKUP(P90,Fossil_Shares!$J$3:$K$98,2,FALSE())),VLOOKUP(E90,Parameters!$A$12:$B$14,2,FALSE())) | J90: =IFERROR(IF(VLOOKUP(P90,Fossil_Shares!$J$3:$K$98,2,FALSE())="","EU27 fallback","Eurostat"),"EU27 fallback") | K90: =VLOOKUP(D90,Parameters!$A$18:$B$21,2,FALSE()) | L90: =IF(N90="YES",F90*H90,0) | M90: =L90*I90*K90 | N90: no | O90: COUNTRY_CORRECTED | P90: =C90&"|"&E90 | Q90: COUNTRY CORRECTED to USA (Grand Rapids, MN). UPM Blandin: coated publication paper (groundwood) — outside EU scope

Sheet Country_Summary
A1: Country Summary — SUMIFS over kept facilities (live formulas)
A2: Country | B2: Sites (kept) | C2: Output (Mt) | D2: Heat Demand (TWh) | E2: Replaceable (TWh) | F2: Implied Fossil Share | G2: Avg Intensity (MWh/t)
A3: Austria | B3: =COUNTIFS(Facilities!$C$3:$C$90,A3,Facilities!$N$3:$N$90,"YES") | C3: =SUMIFS(Facilities!$F$3:$F$90,Facilities!$C$3:$C$90,A3,Facilities!$N$3:$N$90,"YES")/1000000 | D3: =SUMIFS(Facilities!$L$3:$L$90,Facilities!$C$3:$C$90,A3,Facilities!$N$3:$N$90,"YES")/1000000 | E3: =SUMIFS(Facilities!$M$3:$M$90,Facilities!$C$3:$C$90,A3,Facilities!$N$3:$N$90,"YES")/1000000 | F3: =IF(D3=0,0,E3/D3) | G3: =IF(C3=0,0,D3/C3)
A4: Belgium | B4: =COUNTIFS(Facilities!$C$3:$C$90,A4,Facilities!$N$3:$N$90,"YES") | C4: =SUMIFS(Facilities!$F$3:$F$90,Facilities!$C$3:$C$90,A4,Facilities!$N$3:$N$90,"YES")/1000000 | D4: =SUMIFS(Facilities!$L$3:$L$90,Facilities!$C$3:$C$90,A4,Facilities!$N$3:$N$90,"YES")/1000000 | E4: =SUMIFS(Facilities!$M$3:$M$90,Facilities!$C$3:$C$90,A4,Facilities!$N$3:$N$90,"YES")/1000000 | F4: =IF(D4=0,0,E4/D4) | G4: =IF(C4=0,0,D4/C4)
A5: Bulgaria | B5: =COUNTIFS(Facilities!$C$3:$C$90,A5,Facilities!$N$3:$N$90,"YES") | C5: =SUMIFS(Facilities!$F$3:$F$90,Facilities!$C$3:$C$90,A5,Facilities!$N$3:$N$90,"YES")/1000000 | D5: =SUMIFS(Facilities!$L$3:$L$90,Facilities!$C$3:$C$90,A5,Facilities!$N$3:$N$90,"YES")/1000000 | E5: =SUMIFS(Facilities!$M$3:$M$90,Facilities!$C$3:$C$90,A5,Facilities!$N$3:$N$90,"YES")/1000000 | F5: =IF(D5=0,0,E5/D5) | G5: =IF(C5=0,0,D5/C5)
A6: Czechia | B6: =COUNTIFS(Facilities!$C$3:$C$90,A6,Facilities!$N$3:$N$90,"YES") | C6: =SUMIFS(Facilities!$F$3:$F$90,Facilities!$C$3:$C$90,A6,Facilities!$N$3:$N$90,"YES")/1000000 | D6: =SUMIFS(Facilities!$L$3:$L$90,Facilities!$C$3:$C$90,A6,Facilities!$N$3:$N$90,"YES")/1000000 | E6: =SUMIFS(Facilities!$M$3:$M$90,Facilities!$C$3:$C$90,A6,Facilities!$N$3:$N$90,"YES")/1000000 | F6: =IF(D6=0,0,E6/D6) | G6: =IF(C6=0,0,D6/C6)
A7: France | B7: =COUNTIFS(Facilities!$C$3:$C$90,A7,Facilities!$N$3:$N$90,"YES") | C7: =SUMIFS(Facilities!$F$3:$F$90,Facilities!$C$3:$C$90,A7,Facilities!$N$3:$N$90,"YES")/1000000 | D7: =SUMIFS(Facilities!$L$3:$L$90,Facilities!$C$3:$C$90,A7,Facilities!$N$3:$N$90,"YES")/1000000 | E7: =SUMIFS(Facilities!$M$3:$M$90,Facilities!$C$3:$C$90,A7,Facilities!$N$3:$N$90,"YES")/1000000 | F7: =IF(D7=0,0,E7/D7) | G7: =IF(C7=0,0,D7/C7)
A8: Germany | B8: =COUNTIFS(Facilities!$C$3:$C$90,A8,Facilities!$N$3:$N$90,"YES") | C8: =SUMIFS(Facilities!$F$3:$F$90,Facilities!$C$3:$C$90,A8,Facilities!$N$3:$N$90,"YES")/1000000 | D8: =SUMIFS(Facilities!$L$3:$L$90,Facilities!$C$3:$C$90,A8,Facilities!$N$3:$N$90,"YES")/1000000 | E8: =SUMIFS(Facilities!$M$3:$M$90,Facilities!$C$3:$C$90,A8,Facilities!$N$3:$N$90,"YES")/1000000 | F8: =IF(D8=0,0,E8/D8) | G8: =IF(C8=0,0,D8/C8)
A9: Greece | B9: =COUNTIFS(Facilities!$C$3:$C$90,A9,Facilities!$N$3:$N$90,"YES") | C9: =SUMIFS(Facilities!$F$3:$F$90,Facilities!$C$3:$C$90,A9,Facilities!$N$3:$N$90,"YES")/1000000 | D9: =SUMIFS(Facilities!$L$3:$L$90,Facilities!$C$3:$C$90,A9,Facilities!$N$3:$N$90,"YES")/1000000 | E9: =SUMIFS(Facilities!$M$3:$M$90,Facilities!$C$3:$C$90,A9,Facilities!$N$3:$N$90,"YES")/1000000 | F9: =IF(D9=0,0,E9/D9) | G9: =IF(C9=0,0,D9/C9)
A10: Hungary | B10: =COUNTIFS(Facilities!$C$3:$C$90,A10,Facilities!$N$3:$N$90,"YES") | C10: =SUMIFS(Facilities!$F$3:$F$90,Facilities!$C$3:$C$90,A10,Facilities!$N$3:$N$90,"YES")/1000000 | D10: =SUMIFS(Facilities!$L$3:$L$90,Facilities!$C$3:$C$90,A10,Facilities!$N$3:$N$90,"YES")/1000000 | E10: =SUMIFS(Facilities!$M$3:$M$90,Facilities!$C$3:$C$90,A10,Facilities!$N$3:$N$90,"YES")/1000000 | F10: =IF(D10=0,0,E10/D10) | G10: =IF(C10=0,0,D10/C10)
A11: Italy | B11: =COUNTIFS(Facilities!$C$3:$C$90,A11,Facilities!$N$3:$N$90,"YES") | C11: =SUMIFS(Facilities!$F$3:$F$90,Facilities!$C$3:$C$90,A11,Facilities!$N$3:$N$90,"YES")/1000000 | D11: =SUMIFS(Facilities!$L$3:$L$90,Facilities!$C$3:$C$90,A11,Facilities!$N$3:$N$90,"YES")/1000000 | E11: =SUMIFS(Facilities!$M$3:$M$90,Facilities!$C$3:$C$90,A11,Facilities!$N$3:$N$90,"YES")/1000000 | F11: =IF(D11=0,0,E11/D11) | G11: =IF(C11=0,0,D11/C11)
A12: Netherlands | B12: =COUNTIFS(Facilities!$C$3:$C$90,A12,Facilities!$N$3:$N$90,"YES") | C12: =SUMIFS(Facilities!$F$3:$F$90,Facilities!$C$3:$C$90,A12,Facilities!$N$3:$N$90,"YES")/1000000 | D12: =SUMIFS(Facilities!$L$3:$L$90,Facilities!$C$3:$C$90,A12,Facilities!$N$3:$N$90,"YES")/1000000 | E12: =SUMIFS(Facilities!$M$3:$M$90,Facilities!$C$3:$C$90,A12,Facilities!$N$3:$N$90,"YES")/1000000 | F12: =IF(D12=0,0,E12/D12) | G12: =IF(C12=0,0,D12/C12)
A13: Norway | B13: =COUNTIFS(Facilities!$C$3:$C$90,A13,Facilities!$N$3:$N$90,"YES") | C13: =SUMIFS(Facilities!$F$3:$F$90,Facilities!$C$3:$C$90,A13,Facilities!$N$3:$N$90,"YES")/1000000 | D13: =SUMIFS(Facilities!$L$3:$L$90,Facilities!$C$3:$C$90,A13,Facilities!$N$3:$N$90,"YES")/1000000 | E13: =SUMIFS(Facilities!$M$3:$M$90,Facilities!$C$3:$C$90,A13,Facilities!$N$3:$N$90,"YES")/1000000 | F13: =IF(D13=0,0,E13/D13) | G13: =IF(C13=0,0,D13/C13)
A14: Poland | B14: =COUNTIFS(Facilities!$C$3:$C$90,A14,Facilities!$N$3:$N$90,"YES") | C14: =SUMIFS(Facilities!$F$3:$F$90,Facilities!$C$3:$C$90,A14,Facilities!$N$3:$N$90,"YES")/1000000 | D14: =SUMIFS(Facilities!$L$3:$L$90,Facilities!$C$3:$C$90,A14,Facilities!$N$3:$N$90,"YES")/1000000 | E14: =SUMIFS(Facilities!$M$3:$M$90,Facilities!$C$3:$C$90,A14,Facilities!$N$3:$N$90,"YES")/1000000 | F14: =IF(D14=0,0,E14/D14) | G14: =IF(C14=0,0,D14/C14)
... A20: United Kingdom | B20: =COUNTIFS(Facilities!$C$3:$C$90,A20,Facilities!$N$3:$N$90,"YES") | C20: =SUMIFS(Facilities!$F$3:$F$90,Facilities!$C$3:$C$90,A20,Facilities!$N$3:$N$90,"YES")/1000000 | D20: =SUMIFS(Facilities!$L$3:$L$90,Facilities!$C$3:$C$90,A20,Facilities!$N$3:$N$90,"YES")/1000000 | E20: =SUMIFS(Facilities!$M$3:$M$90,Facilities!$C$3:$C$90,A20,Facilities!$N$3:$N$90,"YES")/1000000 | F20: =IF(D20=0,0,E20/D20) | G20: =IF(C20=0,0,D20/C20)
A21: TOTAL | B21: =SUM(B3:B20) | C21: =SUM(C3:C20) | D21: =SUM(D3:D20) | E21: =SUM(E3:E20) | F21: =IF(D21=0,0,E21/D21) | G21: =IF(C21=0,0,D21/C21)
